Race Number,Event Name,Race Name and Type,Position,Lane Number,Club Code,Club Name,Crew List
11,Women's SIngle Sculls Tier 4,Heat 1,1,2,NOR,Norwich RC,Bethany Meakin
11,Women's SIngle Sculls Tier 4,Heat 1,2,4,UBR,Bristol Univ,Teuntje Tijssen
11,Women's SIngle Sculls Tier 4,Heat 1,3,5,VRC,Vesta RC,Kirsten Adams
11,Women's SIngle Sculls Tier 4,Heat 1,4,1,ZQL,Queens U Ladies,Olivia Blundell
11,Women's SIngle Sculls Tier 4,Heat 1,5,3,TUN,Taunton RC,Amy Hallett
11,Women's SIngle Sculls Tier 4,Heat 1,6,6,OUW,Oxford UWBC,Elettra Ardissino
12,Women's SIngle Sculls Tier 4,Heat 2,1,5,EXU,Exeter Univ,Oluwaseun Olusanya
12,Women's SIngle Sculls Tier 4,Heat 2,2,3,NRC,Nottingham RC,Fleur TavarÃ©
12,Women's SIngle Sculls Tier 4,Heat 2,3,1,NRC,Nottingham RC,Isabella Barlow
12,Women's SIngle Sculls Tier 4,Heat 2,4,6,GLW,Glasgow RC,Robyn Brogan
12,Women's SIngle Sculls Tier 4,Heat 2,5,4,TNT,1927 BC,Sarah Harbour
12,Women's SIngle Sculls Tier 4,Heat 2,6,2,WRC,Wallingford RC,Electra Panagoulia
13,Coxed Fours Tier 3,Heat 1,1,4,DUB (A),Durham Univ,"Max Robinson, Oscar Lindsay, Danylo Gorenkin, Leon Langmead, [Cox] Eleanor Robson"
13,Coxed Fours Tier 3,Heat 1,2,1,USU,Surrey Univ,"Harry Grassom, Alex Law, Jonas Butvilas, Andrew Stevenson, [Cox] Tsolo Swan"
13,Coxed Fours Tier 3,Heat 1,3,2,KCL,King's Coll Lon,"Alexander Stevens, Erik Habich, Simon Deacon, James Gregory, [Cox] Jasper Couper"
13,Coxed Fours Tier 3,Heat 1,4,6,AGE,Agecroft RC,"Adam Godfrey, David Bentham, Nick Morrey, Oliver Uttley, [Cox] Annabel Pooley"
13,Coxed Fours Tier 3,Heat 1,5,3,CAB (B),Cantabrigian RC,"Hannes Burfeind, Sam Philpott, Guy Fiddian, James Adams, [Cox] Sara Russo"
13,Coxed Fours Tier 3,Heat 1,6,5,DUB (C),Durham Univ,"Christian Palmer, George Cansdale, Lucas Rodd, Lloyd Barron-Robinson, [Cox] Fiona Hardyman"
13,Coxed Fours Tier 3,Heat 1,7,7,KRC (C),Kingston RC,"Emil Biese, Fred Isaac, Marcus Sirmon, Joshua Spice, [Cox] Prudence Seaward"
14,Coxed Fours Tier 3,Heat 2,1,3,DUB (B),Durham Univ,"Chris Rimmer, Joseph Johansen, Patrick Kinch, James Vogel, [Cox] Benjamin Rich"
14,Coxed Fours Tier 3,Heat 2,2,7,ZCK,Cork BC,"Ryan Povey, Neil McCarthy, Barry Connolly, Cian O'Sullivan, [Cox] Siobhan Egan"
14,Coxed Fours Tier 3,Heat 2,3,4,WRC (B),Wallingford RC,"Robert Mason, James Wright, Robert Hines, Jonathan Mentor, [Cox] Poul Alexander"
14,Coxed Fours Tier 3,Heat 2,4,2,OXB,Oxford Brookes,"Robert Jones, Samuel Smith, James O'Dell, Arthur Arnould, [Cox] Katy Ward"
14,Coxed Fours Tier 3,Heat 2,5,5,RCH,Royal Chester,"Matthew Webb, David Barstow, Harry Ballard, Jonathan Jamshed, [Cox] Jessica Bromley"
14,Coxed Fours Tier 3,Heat 2,6,1,PTR (A),Putney Town,"Rory Keith, James Percival, Jonathan Fisher, James Diserens, [Cox] Jade Gowan"
14,Coxed Fours Tier 3,Heat 2,7,6,UNH,United Hosp BC,"Marco Ghilardi, Saad Habib, Christopher Law, Shaman Dolly, [Cox] Christina Elliott"
15,Women's Double Sculls Tier 1,Final,1,1,ZFS (B),Skibereen RC,"Aoife Casey, Denise Walsh"
15,Women's Double Sculls Tier 1,Final,2,5,OUW/ OXB,Oxford UWBC/ Oxford Brookes,"Imogen Mackie (OXB), Flo Pickles (OUW)"
15,Women's Double Sculls Tier 1,Final,3,3,RDU (A),Reading Univ,"Loretta Grove, Lucy Ryan"
15,Women's Double Sculls Tier 1,Final,4,2,TSS (A),Tideway Sc Sch,"Emily Walters, Bethan Walters"
15,Women's Double Sculls Tier 1,Final,5,4,MBC (B),Molesey BC,"Alika-Peach Molloy, Claire McKeown"
15,Women's Double Sculls Tier 1,Final,6,6,NRC,Nottingham RC,"Charlotte Brown, Lucy Holgate"
17,Women's Coxless Pairs Tier 2,Final,1,2,IMP,Imperial Coll,"Amy Gibson, Isobel Powell"
17,Women's Coxless Pairs Tier 2,Final,2,1,WRC,Wallingford RC,"Pippa Birch, Louise Hart"
17,Women's Coxless Pairs Tier 2,Final,3,4,ULO,London Univ,"Kate Wagstaff, Sara Hegge"
17,Women's Coxless Pairs Tier 2,Final,4,3,TRC (B),Thames RC,"Eleanor Garratt-Smith, Sarah Fabes"
17,Women's Coxless Pairs Tier 2,Final,5,6,DUB,Durham Univ,"Madeleine Orr, Ashleigh Mason"
17,Women's Coxless Pairs Tier 2,Final,6,5,FSC,Furnivall SC,"Jessica Hartley, Meri Pesola"
17,Women's Coxless Pairs Tier 2,Final,7,7,VRC,Vesta RC,"Abi Watson, Fiona Palamarczuk"
18,Women's Coxed Fours Tier 2,Heat 1,1,6,PTR (A),Putney Town,"Rachel Dean, Deborah Oakley, Catriona Docherty, Sophie Bluff, [Cox] Heather Longstaff"
18,Women's Coxed Fours Tier 2,Heat 1,2,5,KCL,King's Coll Lon,"Danielle Wilcock, Molly Hackett, Amy Kilby, Stephanie Stone, [Cox] Manuela de Mendonca"
18,Women's Coxed Fours Tier 2,Heat 1,3,4,UTC,Upper Thames RC,"Emma Peacock, Gabriella Halloran, Rhianna Cearns, Sally Pollok-Morris, [Cox] Zoe Thomas"
18,Women's Coxed Fours Tier 2,Heat 1,4,3,GRO,Grosvenor RC,"Siobhan Barnard, Laura Champion, Jessica Hulson, Jess Fitzpatrick, [Cox] Elizabeth Williams"
18,Women's Coxed Fours Tier 2,Heat 1,5,1,TSS,Tideway Sc Sch,"Jennifer Scrine, Rachel Scanlan, Kate Thorne, Katya De Gentile-Williams, [Cox] Aba Carboo"
18,Women's Coxed Fours Tier 2,Heat 1,6,2,EXU,Exeter Univ,"Sophie Taylor, Amy Louise Ward, Caitlin Kickham, Ella Armstrong, Rossana Wing, [Cox] Sophie Wrixon"
19,Women's Coxed Fours Tier 2,Heat 2,1,1,ULO,London Univ,"Anna Collins, Holly Exton-Smith, Amber Pierce, Olivia Rogerson, [Cox] Lauren Holland"
19,Women's Coxed Fours Tier 2,Heat 2,2,2,EXE (A),Exeter RC,"Kate Salmon, Rosalind West, Kirsty Barker, Rebecca Kelly, [Cox] Abby Jones"
19,Women's Coxed Fours Tier 2,Heat 2,3,3,DUB (A),Durham Univ,"Tessa van Veen, Gabriella Hatfield, Megan Lillington, Kate Lillington, [Cox] Abigail Riley"
19,Women's Coxed Fours Tier 2,Heat 2,4,5,WRC,Wallingford RC,"Victoria Bellamy, Katherine Butler, Leigh-Ann Bard, Samantha Burrows, [Cox] Emily Booker"
19,Women's Coxed Fours Tier 2,Heat 2,5,4,BBL,Barnes Br LRC,"Clemmy Fontaine, Cara Cahill, Sarah Thompson, Laura Oakley, [Cox] Anna Costantini"
19,Women's Coxed Fours Tier 2,Heat 2,6,6,TRC (B),Thames RC,"Laura Phillips, Lucy Thomas, Anna Harrison, Louisa Currey, [Cox] Alastair Jackson"
20,Coxless Fours Tier 3,Heat 1,1,7,ZUC,University Coll Cork RC,"David Keohane, Julian Larkin, Evan White, Thomas Higgins"
20,Coxless Fours Tier 3,Heat 1,2,3,HSB,HSBC RC,"David Law, Ricardo Martinez, Pierre Antoine Lhommet, Max Thomas"
20,Coxless Fours Tier 3,Heat 1,3,6,SUA,Stratford Avon,"Harpreet Mander, Oliver Smith, Benjamin Smith, Alastair Collier"
20,Coxless Fours Tier 3,Heat 1,4,1,CSH,Sheffield City,"Piers Turnbull, Simon Coyne, Mark Burrell, Michael Luckham"
20,Coxless Fours Tier 3,Heat 1,5,2,RDG,Reading RC,"Luke Grundy, James Batchelor, Henry Stevens, Michael Croll"
21,Coxless Fours Tier 3,Heat 2,1,4,MHD,Maidenhead RC,"Sam McCoriston, William Cranston, Tim Wallis-Caddell, Ross McCoriston"
21,Coxless Fours Tier 3,Heat 2,2,3,CUR,Curlew RC,"Scott Bramley, Toby Churchus, Alexander Gibbons, Michael Scott"
21,Coxless Fours Tier 3,Heat 2,3,5,TSS (B),Tideway Sc Sch,"Tom Jenkins, Adam Aladay, Dimeji Ogunyoye, Lewis Van Diggele"
21,Coxless Fours Tier 3,Heat 2,4,6,TYN (A),Tyne RC,"Serkan Turkmen, George Starr, Danny Hunter, Henry Galbraith"
21,Coxless Fours Tier 3,Heat 2,5,2,TYN (B),Tyne RC,"Joshua Bate, Michael Dodds, Peter Storey, A J Musgrave"
22,Women's SIngle Sculls Tier 2,Final,1,6,DUB,Durham Univ,Rosalind Wilson
22,Women's SIngle Sculls Tier 2,Final,2,5,PBD,Poplar B&D,Andrea Stock
22,Women's SIngle Sculls Tier 2,Final,3,4,UTC,Upper Thames RC,Mary Merritt-Smith
22,Women's SIngle Sculls Tier 2,Final,4,3,RDU,Reading Univ,Amy Fuller
22,Women's SIngle Sculls Tier 2,Final,5,2,WBK,Walbrook RC,Natasha Gallagher
23,Women's Double Sculls Tier 3,Heat 1,1,2,IMP,Imperial Coll,"Jowita Mieszkowska, Kathryn Barnhill"
23,Women's Double Sculls Tier 3,Heat 1,2,4,NWK,Newark RC,"Georgia Bryan, Tilly Ireland"
23,Women's Double Sculls Tier 3,Heat 1,3,5,AGE,Agecroft RC,"Lauren Barclay, Jessica Swindells"
23,Women's Double Sculls Tier 3,Heat 1,4,1,GLR/ YRK,Gloucester RC/ York City RC,"Zara Cottrill (GLR), Margit Rezacova (YRK)"
24,Women's Double Sculls Tier 3,Heat 2,1,5,TSS (B),Tideway Sc Sch,"Marlie Carter Edwards, Elizabeth Williams"
24,Women's Double Sculls Tier 3,Heat 2,2,3,MBC (A),Molesey BC,"Hannah Foxley, Marie Grant"
24,Women's Double Sculls Tier 3,Heat 2,3,4,RDU (B),Reading Univ,"Beatrice Roe, Katherine Swales"
24,Women's Double Sculls Tier 3,Heat 2,4,6,NEW (B),Newcastle Univ,"Lina Larsson, Sophie Adams"
24,Women's Double Sculls Tier 3,Heat 2,5,2,VRC,Vesta RC,"Alice Pickthall, Emily Robinson"
25,SIngle Sculls Tier 4,Final,1,5,CUB,Cambridge Univ,Aleksander Malowany
25,SIngle Sculls Tier 4,Final,2,3,LBS,L'boro Students,Alex Watkins
25,SIngle Sculls Tier 4,Final,3,2,MBC,Molesey BC,Sylvain Boyer
25,SIngle Sculls Tier 4,Final,4,6,GLU,Glasgow Univ,Adam Kisvari
25,SIngle Sculls Tier 4,Final,5,7,UTC,Upper Thames RC,Robert Moles
26,Coxed Fours Tier 1,Final,1,4,TAU,Taurus BC,"Samuel Bannister, Timothy Grant, Edward Grisedale, Richard Hawkins, Alice McWilliam, [Cox] John Carlson"
26,Coxed Fours Tier 1,Final,2,6,IMP,Imperial Coll,"Oliver Hines, Tristan Vouilloz, Toby Heaton, Jack Walsh, [Cox] Christopher Au"
26,Coxed Fours Tier 1,Final,3,5,SIP,Sport Imperial,"Matthew Pointing, Joshua Butler, Sam Butler, Matthew Whaley, Hugo Ramambason, [Cox] Eleanor Smith"
26,Coxed Fours Tier 1,Final,4,7,MBC (B),St Andrew BC,????
26,Coxed Fours Tier 1,Final,5,1,SAN,St Andrew BC,"Gregor Maxwell, Findlay Ralley, Kieran Tierney, Graham Ord, [Cox] Helena Watson"
26,Coxed Fours Tier 1,Final,6,3,SUA,Stratford Avon,"Edward Lewry, Thomas Coles, Ben Twiney, Christopher Thomas, [Cox] Eleanor Willetts"
26,Coxed Fours Tier 1,Final,7,2,KRC (A),Kingston GS/ Kingston RC,"Ben Handy, Thomas Rawlins, Matthew McWilliam, Tom Hopkins, Prudence Seaward, [Cox] Adele Hing"
27,Women's Quad Sculls Tier 2,Final,1,2,USU,Surrey Univ,"Rachel Ebbens, Elizabeth Hatch, Cecile Flavin, Charlotte Gill"
27,Women's Quad Sculls Tier 2,Final,2,4,KRC,Kingston RC,"Molly Stalley, Melanie Court-Smith, Caroline Willett, Rachel Knight"
27,Women's Quad Sculls Tier 2,Final,3,5,BAU,Bath Univ,"Anna Willis, Eleanor Denham, Robyn Bell, Christina Cackett"
27,Women's Quad Sculls Tier 2,Final,4,3,HEN,Henley RC,"Katy Parker, Natalie Atkinson, Hannah Smith, Emily Pimlott"
27,Women's Quad Sculls Tier 2,Final,5,6,LLA,Llandaff RC,"Laura Starrs, Hannah Lynch, Georgina Wren, Bethan Roberts"
28,Women's Coxed Fours Tier 4,Final,1,5,UWK,Warwick Univ,"Francesca Lidlow, Alice Vodden, Amandine Drew, Gemma Crook, [Cox] Shaan Jivan"
28,Women's Coxed Fours Tier 4,Final,2,4,LEE,Leeds RC,"Jessica Brush, Charlotte Milligan, Ella Sadler-Andrews, Emily Holt, [Cox] Harin Wijayathunga"
28,Women's Coxed Fours Tier 4,Final,3,3,DUB (B),Durham Univ,"Samantha Bousfield, Anna Thomas, Emma Cramp, Anna van der Star, [Cox] Zoe Evans"
28,Women's Coxed Fours Tier 4,Final,4,6,ZDT (C),Dublin U Ladies,"Sophie Cairns, Ciara Kiely, Saidhbhe Casey, Brona Murphy, [Cox] Clare White"
29,Coxless Pairs Tier 2,Heat 1,1,4,LDR,Leander Club,"Richard Clarke, Edward Gleadowe"
29,Coxless Pairs Tier 2,Heat 1,2,2,ZUC,University Coll Cork RC,"David Synnott, Steven Murphy"
29,Coxless Pairs Tier 2,Heat 1,3,6,ZCK,Cork BC,"Tomas Power, Sean O'Sullivan"
29,Coxless Pairs Tier 2,Heat 1,4,5,CFC (B),Cardiff City RC,"David George, Adrien Grubb"
30,Women's Coxed Fours Tier 4,Heat 2,1,3,AKN,Auriol Ken,"James Dickinson, Mark Mearing-Smith"
30,Women's Coxed Fours Tier 4,Heat 2,2,4,CNN (B),Cambridge 99,"Nicholas Thorn, Helge Dietert"
30,Women's Coxed Fours Tier 4,Heat 2,3,2,SCU,Strathclyde U,"Edward Ayton, Calum Young"
30,Women's Coxed Fours Tier 4,Heat 2,4,5,ULO,London Univ,"Stuart Pearce, George Turner"
31,Women's SIngle Sculls Tier 4,Final,1,6,EXU,Exeter Univ,Oluwaseun Olusanya
31,Women's SIngle Sculls Tier 4,Final,2,7,NOR,Norwich RC,Bethany Meakin
31,Women's SIngle Sculls Tier 4,Final,3,3,VRC,Vesta RC,Kirsten Adams
31,Women's SIngle Sculls Tier 4,Final,4,5,UBR,Bristol Univ,Teuntje Tijssen
31,Women's SIngle Sculls Tier 4,Final,5,4,NRC,Nottingham RC,Fleur TavarÃ©
31,Women's SIngle Sculls Tier 4,Final,6,2,NRC,Nottingham RC,Isabella Barlow
32,Double Sculls Tier 1,Final,1,4,ARM,Army RC,"Peter Purcell-Gilpin, Stephen Cox"
32,Double Sculls Tier 1,Final,2,1,ZSN/ ZUC (B),Shandon BC/ University Coll Co...,"Dan Begley (ZSN), Ronan Byrne (ZUC)"
32,Double Sculls Tier 1,Final,3,5,ZDJ,Castleconnell Boat Club,"Shane Haugh, Fionnan Crowley"
32,Double Sculls Tier 1,Final,4,6,ZSN (B),Shandon BC,"Stephen O'Sullivan, Colm Hennessy"
32,Double Sculls Tier 1,Final,5,2,AKN,Auriol Ken,"W Hugh MacKworth-Praed, Elliot Barton"
33,Coxed Fours Tier 3,Final,1,7,DUB (A),Durham Univ,"Max Robinson, Oscar Lindsay, Danylo Gorenkin, Leon Langmead, [Cox] Eleanor Robson"
33,Coxed Fours Tier 3,Final,2,6,DUB (B),Durham Univ,"Chris Rimmer, Joseph Johansen, Patrick Kinch, James Vogel, [Cox] Benjamin Rich"
33,Coxed Fours Tier 3,Final,3,5,USU,Surrey Univ,"Harry Grassom, Alex Law, Jonas Butvilas, Andrew Stevenson, [Cox] Tsolo Swan"
33,Coxed Fours Tier 3,Final,4,4,ZCK,Cork BC,"Ryan Povey, Neil McCarthy, Barry Connolly, Cian O'Sullivan, [Cox] Siobhan Egan"
33,Coxed Fours Tier 3,Final,5,3,KCL,King's Coll Lon,"Alexander Stevens, Erik Habich, Simon Deacon, James Gregory, [Cox] Jasper Couper"
33,Coxed Fours Tier 3,Final,6,2,WRC (B),Wallingford RC,"Robert Mason, James Wright, Robert Hines, Jonathan Mentor, [Cox] Poul Alexander"
35,Quad Sculls Tier 2,Final,1,5,ZCD/ ZCR/ ZFS,University Coll Dublin RC/ Com...,"Jake McCarthy (ZFS), Shane O'Connell (ZCD), Andrew Goff (ZCD), Niall Beggan (ZCR)"
35,Quad Sculls Tier 2,Final,2,3,RDU (B),Reading Univ,"Robert McPherson, Simon Williamson, Franklin Hamilton, Oliver Dix"
35,Quad Sculls Tier 2,Final,3,4,RDG,Reading RC,"Richard Laney, Will Robinson, Nicholas Musson, Daniel Boddington"
35,Quad Sculls Tier 2,Final,4,2,ASL,American Sch,"Nicholas Kuenstler, Niklas Mannhardt, Tyler Skow, Joseph Troyer"
37,Women's Coxed Fours Tier 2,Final,1,6,ULO,London Univ,"Anna Collins, Holly Exton-Smith, Amber Pierce, Olivia Rogerson, [Cox] Lauren Holland"
37,Women's Coxed Fours Tier 2,Final,2,7,PTR (A),Putney Town,"Rachel Dean, Deborah Oakley, Catriona Docherty, Sophie Bluff, [Cox] Heather Longstaff"
37,Women's Coxed Fours Tier 2,Final,3,5,KCL,King's Coll Lon,"Danielle Wilcock, Molly Hackett, Amy Kilby, Stephanie Stone, [Cox] Manuela de Mendonca"
37,Women's Coxed Fours Tier 2,Final,4,4,EXE (A),Exeter RC,"Kate Salmon, Rosalind West, Kirsty Barker, Rebecca Kelly, [Cox] Abby Jones"
37,Women's Coxed Fours Tier 2,Final,5,3,UTC,Upper Thames RC,"Emma Peacock, Gabriella Halloran, Rhianna Cearns, Sally Pollok-Morris, [Cox] Zoe Thomas"
37,Women's Coxed Fours Tier 2,Final,6,2,DUB (A),Durham Univ,"Tessa van Veen, Gabriella Hatfield, Megan Lillington, Kate Lillington, [Cox] Abigail Riley"
38,Women's Coxless Fours Tier 1,Final,1,6,CUW,Cambridge UWBC,"Patricia Smith, Lucy Pike, Myriam Goudet, Thea Zabell"
38,Women's Coxless Fours Tier 1,Final,2,1,DUB (A),Durham Univ,"Rebekka Hodson, Helena Barton, Lauren Irwin, Hanna Gailis Inntjore"
38,Women's Coxless Fours Tier 1,Final,3,4,IMP,Imperial Coll,"Natalie Long, Joanna Thom, Meghann Jackson, Maddalena Ardissino"
38,Women's Coxless Fours Tier 1,Final,4,2,NEW,Newcastle Univ,"Megan Barry, Lola Anderson, Emily Ford, Nicole Lamb"
38,Women's Coxless Fours Tier 1,Final,5,3,TSS,Tideway Sc Sch,"Rachel Francis, Charlotte Dexter, Rowi Mortimer, Anna Terry"
38,Women's Coxless Fours Tier 1,Final,6,5,ZCK,Cork BC,"Frances Judge, Linda Murphy, Grace Collins, Lisa Dilleen"
39,Coxless Fours Tier 3,Final,1,7,ZUC,University Coll Cork RC,"David Keohane, Julian Larkin, Evan White, Thomas Higgins"
39,Coxless Fours Tier 3,Final,2,6,MHD,Maidenhead RC,"Sam McCoriston, William Cranston, Tim Wallis-Caddell, Ross McCoriston"
39,Coxless Fours Tier 3,Final,3,4,CUR,Curlew RC,"Scott Bramley, Toby Churchus, Alexander Gibbons, Michael Scott"
39,Coxless Fours Tier 3,Final,4,5,HSB,HSBC RC,"David Law, Ricardo Martinez, Pierre Antoine Lhommet, Max Thomas"
39,Coxless Fours Tier 3,Final,5,2,TSS (B),Tideway Sc Sch,"Tom Jenkins, Adam Aladay, Dimeji Ogunyoye, Lewis Van Diggele"
39,Coxless Fours Tier 3,Final,6,3,SUA,Stratford Avon,"Harpreet Mander, Oliver Smith, Benjamin Smith, Alastair Collier"
40,Coxless Fours Tier 1,Heat 1,1,6,LDR,Leander Club,"Barnaby Stentiford, Finn Stevenson, Sam Twine, George Rossiter"
40,Coxless Fours Tier 1,Heat 1,2,4,EHU,Edinburgh Univ,"Matthew Christie, Oliver Wilkes, Calum Irvine, Rufus Scholefield"
40,Coxless Fours Tier 1,Heat 1,3,3,TSS (A),Tideway Sc Sch,"Nathan O'Reilly, Murray Wilkojc, William Fields, Lloyd Seaman"
40,Coxless Fours Tier 1,Heat 1,4,2,TRC,Thames RC,"James Palmer, William Downey, Luke Wertheim, Harry Dorrance-King"
40,Coxless Fours Tier 1,Heat 1,5,5,KRC,Kingston RC,"Leon Taylor, Mark Roberts, John Keen-Tomlinson, John Ciccarelli"
40,Coxless Fours Tier 1,Heat 1,6,7,LRC (B),London RC,"James Sexton-Barrow, Luis Orozco, Jack Davidson, Rupert Price"
41,Coxless Fours Tier 1,Heat 2,1,2,LRC (A),London RC,"Matthew Cummings, Nicholas Parnell, Stephen Griffiths, Dominic Parnell"
41,Coxless Fours Tier 1,Heat 2,2,1,LEA (A),Lea RC,"Alex Wildy, Tobias Perren, Toby Dixon, Jonathan Daniels"
41,Coxless Fours Tier 1,Heat 2,3,3,QBC,Quintin BC,"Mark Chatwin, Robert Williams, Alexander Miller, Max Murdock"
41,Coxless Fours Tier 1,Heat 2,4,7,UTC,Upper Thames RC,"Mike Lambourn, Piotr Golawski, S Bathe-Taylor, Daniel Shoobridge"
41,Coxless Fours Tier 1,Heat 2,5,6,FUL,Fulham Reach,"Ross De Burgh, James Diaz-Sokoloff, Edward Birrell, Ben Bathurst"
41,Coxless Fours Tier 1,Heat 2,6,5,MBC (B),Molesey BC,"Robin Mould, Adam Heayberd, Aaron Wilkins, William Johnston"
41,Coxless Fours Tier 1,Heat 2,7,4,CBS,Cambois RC,"Lee McCarron, Jamie Young, Richard Fergie, Jamie McCarron"
42,Coxless Fours Tier 1,Heat 1,1,7,AGE,Agecroft RC,Ellie Lewis
42,Coxless Fours Tier 1,Heat 1,2,1,TRC,Thames RC,Suzi Perry
42,Coxless Fours Tier 1,Heat 1,3,2,GRO,Grosvenor RC,Lucy Iball
42,Coxless Fours Tier 1,Heat 1,4,3,NRC,Nottingham RC,Aerin Thompson
42,Coxless Fours Tier 1,Heat 1,5,6,NOR,Norwich RC,Bethany Meakin
42,Coxless Fours Tier 1,Heat 1,6,5,TUN,Taunton RC,Taunton RC
43,Women's Lwt 1x,Heat 2,1,4,EXU,Exeter Univ,Susannah Duncan
43,Women's Lwt 1x,Heat 2,2,7,BAU,Bath Univ,Laura Macro
43,Women's Lwt 1x,Heat 2,3,6,ZFS,Skibereen RC,Orla Hayes
43,Women's Lwt 1x,Heat 2,4,3,PET,Peterborough,Camilla Plumb
43,Women's Lwt 1x,Heat 2,5,2,UBR,Bristol Univ,Teuntje Tijssen
43,Women's Lwt 1x,Heat 2,6,5,WRR,Worcester RC,Jennifer Jackson
46,Junior 18 SIngle Sculls,Final,1,4,ZCK,Cork BC,Barry Connolly
46,Junior 18 SIngle Sculls,Final,2,3,BAE,Barn Elms RC,Arun Jackson
46,Junior 18 SIngle Sculls,Final,3,6,MIN,Minerva Bath RC,Jens Hullah
46,Junior 18 SIngle Sculls,Final,4,7,ZCK,Cork BC,Cian O'Sullivan
46,Junior 18 SIngle Sculls,Final,5,5,CFC,Cardiff City RC,George Cowley
46,Junior 18 SIngle Sculls,Final,6,2,MHD,Maidenhead RC,Elliott Kemp
46,Junior 18 SIngle Sculls,Final,7,1,LEE,Leeds RC,Androioannis Lorentzatos
47,Women's Eights Tier 1,SFCD 1,1,7,AGE,Agecroft RC,"Frances Barrand, Camilla O'Driscoll, Kate Silverthorne, Grace Miller, Charlotte Walsh, Florence Morton, Alexandra Gardiner, Charlotte Grandfield, [Cox] Marion Vannier"
47,Women's Eights Tier 1,SFCD 1,2,6,ZGY,Galway RC,"Ruth Elwood, Kellie-Ann Folan, Isabella McDonald, Roisin Cahill, Kellie Wade, Amy Sims, Claire Elwood, Fiona Murtagh, [Cox] Sarah Lynch"
47,Women's Eights Tier 1,SFCD 1,3,5,FUL,Fulham Reach,"Sally Hodgson, Ella Hutchinson, Fay Sandford, Georgina Phillips, Elizabeth Cottrell, Beatrix Sheldrick, Jenny Arnold, Fiona Schlesinger, [Cox] S Tjornelund"
47,Women's Eights Tier 1,SFCD 1,4,4,DUB (B),Durham Univ,"Francesca Quinn, Gabriella Hatfield, Megan Lillington, Maya Nickituk, Alicia Schwarzenbach, Eva Siwiak-Jaszek, Megan Connolly, Harriet Watson, [Cox] Zoe Evans"
47,Women's Eights Tier 1,SFCD 1,5,3,ZNU (B),NUI Galway BC,"Shannon Sheridian, Sorcha O'Donnell, Siuan Mannion, Aisling Nolan, Naomi Tunstead, Sarah Blaney, Ailbhe NÃ- Griofa, Ellen Ormsby, [Cox] Cathal McNamara"
47,Women's Eights Tier 1,SFCD 1,6,2,CBR (A),Bristol City,"Caitlin Bloom, Rebecca Perkins, Sofia Deambrosi, Emma Bawden, Lauren O'Neill, Jenny Chapman, Chloe Farrar, Rachel Wilson, [Cox] Isobel Stone"
47,Women's Eights Tier 1,SFCD 1,7,1,EXU,Exeter Univ,"Sophie Wrixon, Emily Batchelor, Julia Bradley, Eleanor Hayes, Arabella Weetch, Jemima Betts, Eleanor Foot, Alex Flynn, Helene Stabell Haaheim, [Cox] Rossana Wing"
48,Women's Eights Tier 1,SFCD 2,1,6,KRC/ LEA/ QBC,Kingston RC/ Lea RC/ Quintin B...,"Rebekah Edgar (QBC), Claire McIntosh (TSS), Amanda Benson-Skailes (LEA), Bridget Snaith (LEA), Judith Schulz (TSS), Caroline Matthews (TSS), Elaine Johnstone (TSS), Andrea Finn (KRC), [Cox] Megan Neville (ULO)"
48,Women's Eights Tier 1,SFCD 2,2,7,VRC,Vesta RC,"Cameo Choquer, Victoria Carroll, Fiona Robinson, Cherry Fermor, Hannah Futter, Clare Wood, Catherine Long, Kirsty McGregor-Ritchie, [Cox] Lauren Hardcastle"
48,Women's Eights Tier 1,SFCD 2,3,5,UBR (B),Bristol Univ,"Lily Donovan, Charlotte Rogers, Rosie Watkins, Sophie Angel, Madeleine Jannoe, Grace Ward-Allen, Catherine Nohre, Charlotte Marshall, [Cox] Caroline Welsh"
48,Women's Eights Tier 1,SFCD 2,4,4,STN,Staines BC,"Suzanne Cole, Georgina Watling, Rachel Brown, Claire Couves, Sophie Richards, Catherine Long, Maddison Shoolbread, Emma Corless, [Cox] Anna Cackett"
48,Women's Eights Tier 1,SFCD 2,5,2,UCL,UC London,"Emily Nash, Anna-Rose Truman, Catherine Bentley, Claudia Abdallah, Rachel Dumbrell, Natalie Ohene, Ellen Forsyth, Tegan Foister, [Cox] Lauren Johncock"
48,Women's Eights Tier 1,SFCD 2,6,3,TRC (B),Thames RC,"Robyn Carter, Louisa Horton, Jennifer O'Boyle, Lucy Nee, Sophie Jenkins, Bryony Spottiswoode, Charlotte Potter, Eleanor Roberts, [Cox] Alastair Jackson"
48,Women's Eights Tier 1,SFCD 2,7,1,CUR,Curlew RC,"Rebecca Jackson, Inga Jirgensone, Claire Williams, Lianne Abbott, Gemma Barker, Anna Palsdottir, Charlotte Waghorne, Jessica Phillips, [Cox] Alexander Smith"
49,Women's Eights Tier 1,SFAB 1,1,7,MBC,Molesey BC,"Emma McDonald, Caitlin Boyland, Gabby Rodriguez, Elo Luik, Lucy Primmer, Ruth Whyman, Rebecca Edwards, Katie Bartlett, [Cox] Morgan Baynham-Williams"
49,Women's Eights Tier 1,SFAB 1,2,6,NEW (A),Newcastle Univ,"Fiona Chestnutt, Frances Russell, Harriet Aubrook, Lydia Davis, Katherine Bulmer, Leah Kindleyside, Harriet Roddy, Rachel Webb, [Cox] Sophie Bury"
49,Women's Eights Tier 1,SFAB 1,3,5,OXB (B),Oxford Brookes,"Alex Styles, Alice Harper, Katie Metalli, Lucy Mason, Johanna Gannon, Francesca Molyneux, Aly Vogelzang, Madeleine Dobson, [Cox] Aisling Humphries-Griffiths"
49,Women's Eights Tier 1,SFAB 1,4,4,NEW (B),Newcastle Univ,"Phoebe Truett, Sundee Denton-Chandler, Anna Van de Braak, Charlotte Dobson, Kate Woolley, Kathryn Eccles, Leanne Knight, Lucy Stanhope, [Cox] Charlotte Hill"
49,Women's Eights Tier 1,SFAB 1,5,3,ZCR,Commercial RC,"martina bracken, edel gary, gill crowe, gillian hosford, naomi fearon, hazel o neill, Sinead Dolan, ruth morris, [Cox] niamh williams"
49,Women's Eights Tier 1,SFAB 1,6,2,ZDT (A),Dublin U Ladies,"Nora Fisher, Sarah Kelly, Aoife Corcoran, Caoimhe Dempsey, Aoife Byrne, Gemma Foley, Laura Walsh, Sarah Higgins, [Cox] Aoife Reid"
49,Women's Eights Tier 1,SFAB 1,7,1,AKN,Auriol Ken,"Kirsty Page, Angela Hitchens, Sophie Lovett, Amanda Piggot, Katherine Pankhurst, Tamara Zwaagstra, Joanna Innes-Hopkins, Catherine Edwards, [Cox] Chris Williamson"
50,Women's Eights Tier 1,SFAB 2,1,7,ULO,London Univ,"Emily Wilks, Lottie Bruce, Fionnuala Gannon, Emma Reiser, Charlotte Hodgkins-Byrne, Georgia Statham, Alessandra French, Robyn Hart-Winks, [Cox] Lauren Holland"
50,Women's Eights Tier 1,SFAB 2,2,6,ZNU (A),NUI Galway BC,"Alison Mooney, Susan Kennelly, Aisling Cahill, Georgina Deane, Alannah Leonard, Nuala Landers, Sadhbh O'Connor, Marie Pigott, [Cox] Johanna Walsh"
50,Women's Eights Tier 1,SFAB 2,3,5,DUB (A),Durham Univ,"Amy Polglase, Helena Louise Lang, Tessa van Veen, Ellen Roberts, Lauren Irwin, Helena Barton, Rebekka Hodson, Hanna Gailis Inntjore, [Cox] Abigail Riley"
50,Women's Eights Tier 1,SFAB 2,4,4,TSS,Tideway Sc Sch,"Holly Smith, Roxanna Colebatch, Megan Hollands, Alicia Keith, Ellenor Peebles, Cecilia Ricks, Sally Trump, Katie Potter, [Cox] Sophie Shapter"
50,Women's Eights Tier 1,SFAB 2,5,2,UBR (A),Bristol Univ,"Cecilia Assmundson, Phoebe Beer, Alice Davies, Charlotte Greenwood, Sally Elphick, Alice Lovett, Nathalie Rappaport, Jessica Pope, [Cox] Sophia Margetts"
50,Women's Eights Tier 1,SFAB 2,6,3,TRC (A),Thames RC,"Clodagh Loughnane, Charlotte Orrell, Helen Carswell, Rose Bernard, Hannah Laird, Katrine Eskander, Katherine Woodward, Flora Emeney, [Cox] Nathalie Kernan"
50,Women's Eights Tier 1,SFAB 2,7,1,LLA,Llandaff RC,"Catherine Raine, Grace Mahony, Bridget Lapage, Alison Boyes, Emily Brace, Ella Tepper, Olivia Howe, Georgie Haynes, [Cox] Richard Summers"
51,Women's Double Sculls Tier 3,Final,1,7,IMP,Imperial Coll,"Jowita Mieszkowska, Kathryn Barnhill"
51,Women's Double Sculls Tier 3,Final,2,4,MBC (A),Molesey BC,"Hannah Foxley, Marie Grant"
51,Women's Double Sculls Tier 3,Final,3,6,TSS (B),Tideway Sc Sch,"Marlie Carter Edwards, Elizabeth Williams"
51,Women's Double Sculls Tier 3,Final,4,5,NWK,Newark RC,"Georgia Bryan, Tilly Ireland"
51,Women's Double Sculls Tier 3,Final,5,2,RDU (B),Reading Univ,"Beatrice Roe, Katherine Swales"
51,Women's Double Sculls Tier 3,Final,6,3,AGE,Agecroft RC,"Lauren Barclay, Jessica Swindells"
52,Eights Tier 1,SFEF 1,1,7,LEA,Lea RC,"James Stanier, Thomas Wei, Max James Beverton, Ross McDonald, Hugh Berry, Anthony Brewer, Evan Whittal-Williams, Emilio Hernandez, [Cox] Richard Hill"
52,Eights Tier 1,SFEF 1,2,6,BAU,Bath Univ,"James Martin, Charlie Parker, Ben Pickford, Matthew Moore, Matthew Horsford, Marcus Lewis, William England, Thomas Bowles, [Cox] Daniel Baillache"
52,Eights Tier 1,SFEF 1,3,5,LRC (B),London RC,"Will Golding, Christopher Linn, Joshua Scott Meredith, Aidan O' Flaherty, Edward Sandhu, Nick Adams, George Trelawny, Rory Corbett, [Cox] Charlotte Fuscone"
52,Eights Tier 1,SFEF 1,4,3,UCL (A),UC London,"Ludovic Lenders, James Dyson, Oscar Frith, Sachin Turakhia, John Figi, Maximilian Hess, Rory Dawson, Jaime San Miguel Navas, [Cox] Florence Beard"
52,Eights Tier 1,SFEF 1,5,1,MBC,Molesey BC,"Jonna de Vries, William Hetherington, Cledwyn Ellison, James Phillips, Aaron Wilkins, Robin Mould, Adam Heayberd, Ashley Cowley, William Johnston, [Cox] Anna Corderoy"
52,Eights Tier 1,SFEF 1,6,2,UWK (A),Warwick Univ,"Mark Hughes, Jack Hutchinson, Alexander Dawson, Tiago Fachada, Thomas Hall, Joshua Semple, Lukas UhrstrÃ¶m, Jake Bedford, [Cox] Sophie Ledingham"
53,Eights Tier 1,SFEF 2,1,6,UWE,W England Univ,"Aghaude Amadi, Edward Dean, Benjamin Stafford, Charles Wagstaff, Liam Hopkins, Will Lord, Andrew Heath, Tim Waller, [Cox] Freya Jennings"
53,Eights Tier 1,SFEF 2,2,5,WRR,Worcester RC,"David Hopkins, James Riach, Alex Kearns, Jack McDonald, Ryan Pettifer, William Fraser, Joshua Rogers, Timothy Woodman, [Cox] Molly Elkins"
53,Eights Tier 1,SFEF 2,3,7,TRC (C),Thames RC,"William Hilder, Andrew Curry, Thomas Burnell, Alexander Woolley, Radulf Bertschinger, Alexander Bennett, William Campbell, Keir Macdonald, [Cox] Jennifer Wainer"
53,Eights Tier 1,SFEF 2,4,4,NRC,Nottingham RC,"Hamish Hughes, Toby Piggott, Matthew Bowles, Adam Wright, George Rymell, Stephen Bennett, Ben Farrell, James Doleman, [Cox] Sophie Jones"
53,Eights Tier 1,SFEF 2,5,2,ZNU (B),NUI Galway BC,"Jack Kilduff, Alex Chadfield, Kai McGlacken, Baptiste Guerinot, Brian Keane, Eoghan Walls-Tuite, Gerry Mannion, Donal Coen, [Cox] Cathal McNamara"
53,Eights Tier 1,SFEF 2,6,1,IMP (B),Imperial Coll,"Ian Kegler, James Wilson, David Simmonds, Matthew Layton, Ben Hambrook, Matthew McElroy, Harry Uglow, Harry Knights, [Cox] Charlotte Grayson"
53,Eights Tier 1,SFEF 2,7,3,EXU (A),Exeter Univ,"Thomas Richards, Cameron Murray, Nicholas Mathers, Carl Lofthagen, Tristan Taylor, John Hunt, Angus Irvine, Charles Scott, [Cox] Edward Mills"
54,Eights Tier 1,SFCD 1,1,7,ZDU (A),Dublin University BC,"Adam Browne, Willian Doyle, Matthew Mitchell, Patrick Moreau, Liam Hawkes, Josh Norton, Liadov Andrej, Mark Quigely, [Cox] Hamilton Rowan"
54,Eights Tier 1,SFCD 1,2,6,TRC (B),Thames RC,"Simon Moss, Joe Abdalla, Huw Jones, Andrew Gordon, Charlie Bouch, Sam Thornton, Thomas Symons, Sebastien Tyrie, [Cox] Emily Burge"
54,Eights Tier 1,SFCD 1,3,5,AGE,Agecroft RC,"Andrew Thomas, Rory O'Neill, Thomas Buckley, Tristan Hollis, Sean Szekely, John Ford, Benedict Adey-Johnson, Jack Roe, [Cox] Lucy Masters"
54,Eights Tier 1,SFCD 1,4,4,CUR,Curlew RC,"John Stewart, Angus Wilson, Lukas Schmidt, Callum Stayton, Eoghan Beamish, Alexander James Parsons-Mills, T Weekes, Matthew Richardson, [Cox] Nicola Freeman"
54,Eights Tier 1,SFCD 1,5,1,COX,Oxford City,"Toby Seely, Simon Kerswell-Jensen, William Clarke, James Green, Matthew Jones, Henry Drohan, Lucian Purvis, Malcolm Nisbet, [Cox] Alissa Bray"
54,Eights Tier 1,SFCD 1,6,3,ZDU (B),Dublin University BC,"Ryan Dullaghan, Donal O'Shea, Daniel Dennis, Lucas Prodohl, Sean Canning, William Eddershaw, Mark Connolly, Brian Cronin, [Cox] Hamilton Rowan"
54,Eights Tier 1,SFCD 1,7,2,OXB (E),Oxford Brookes,"Jacob Anderson, Jordan Pepermans, Charlie Johnston, Jack Rhodes, Matthew Jones, Ben Eames, Jasper Elliott, Samuel Smith, [Cox] Katy Ward"
55,Eights Tier 1,SFCD 2,1,7,TKC,Team Keane,"Edward Shields, George McKirdy, Benedict Aldous, Anthonie Jacobson, Charles Thurston, Stevan Boljevic, Robert Boswall, Henry Shalders, [Cox] Angus Forbes"
55,Eights Tier 1,SFCD 2,2,6,TSS,Tideway Sc Sch,"Ishan Barve, Rob Hogan, Sean Blake, Robert Muscroft, James Budenberg, Robert Hodgson, Samuel Anderson, Edward Beckett, Kieran Brown, [Cox] Ruaridh MacPhee"
55,Eights Tier 1,SFCD 2,3,5,ULO (B),London Univ,"Matthew Denley, Hendrik Kroon, Toby Langstone, Charles Middleton, Alexander Fisher, Will Carey, Thomas Bruce, Guy Screaton, [Cox] Lucy Jones"
55,Eights Tier 1,SFCD 2,4,4,RCH,Royal Chester,"Fraser Morgan, Henry William McGarva, Peter Dean, Daniel Weatherly, Harrison Hunter, Thomas Rushton, Alexander Constantinou, John Hedley McGarva, [Cox] Sarah Armstrong"
55,Eights Tier 1,SFCD 2,5,3,SHR,Shrewsbury Sch,"Matthew Hedges, Rory McKirdy, Alexander King, Matthew Farrow, Barnaby Fox, Alex Lyster-Binns, Matthew Rowe, Sam Branford, [Cox] Tomas Shiels"
55,Eights Tier 1,SFCD 2,6,2,ZCD (B),University Coll Dublin RC,"Cameron Murphy, Coman O'Connell, Michael Noonan, Mark Doyle, Seamus Kennedy, Colm O'Riada, Joe Ronaldson, James O'Sullivan, [Cox] Shauna Fitz"
55,Eights Tier 1,SFCD 2,7,1,UBR (A),Bristol Univ,"Benjamin Slingsby, Harry Rosen, Alex Heslop, Elias Kassell Raymond, Thomas Nicholson, Callum Gathercole, Jack Squizzoni, Harry Stroud, [Cox] Jennifer Cocke"
56,Eights Tier 1,SFAB 1,1,5,OXB (A),Oxford Brookes,"Joshua Bugajski, Robert Massey, Matthew Aldridge, Rory Gibbs, Michael Glover, Morgan Bolding, Henry Swarbrick, James Stanhope, [Cox] Harry Brightmore"
56,Eights Tier 1,SFAB 1,2,7,ULO (A),London Univ,"Ben Freeman, James Richards, Alex Steventon, Max Townley, Joshua Tolley, Patrick Boomer, Joshua Kent, Patrick Sullivan, [Cox] Rajaei Sharma"
56,Eights Tier 1,SFAB 1,3,6,SPS (A),St Paul's Sch,"Cameron McInroy, George Dickinson, Max Deering, Leo Von Malaise, Calvin Tarczy, Douwe De Graaf, Casper Woods, Alex Langstone-Bolt, [Cox] Axel De Boissard"
56,Eights Tier 1,SFAB 1,4,2,ZNU (A),NUI Galway BC,"Oisin Nolan, Brion O'Rourke, Eoghan Whittle, Jack Bennett, Mantis Pukelis, Kevin Nevile, Richard Bennett, Liam Keane, [Cox] Cathal McNamara"
56,Eights Tier 1,SFAB 1,5,1,ZCD (A),University Coll Dublin RC,"Niall Farrell, David Somers, Tiarnan Doherty, Max Murphy, Sam Bolger, Andrew Griffin, Eoin Gleeson, Ross Thompson, [Cox] Orlagh Reid"
56,Eights Tier 1,SFAB 1,6,4,OXB (D),Oxford Brookes,"Matthew Swiss, Connor Smith, James Snowball, Ben Murphy, Leon Redman, Oliver Ayres, Oliver Gerrard, Patrick Tawns, [Cox] Laura Hyatt"
56,Eights Tier 1,SFAB 1,7,3,GOL,Goldie BC,"John McCarthy, Jonty Page, Richard Goerke, Sam Ringer, Thomas Strudwick, Seoirse Murray, James Henderson, Pieter Lammers, [Cox] Emily Gordon"
57,Eights Tier 1,SFAB 2,1,5,OXB (B),Oxford Brookes,"Dylan Mitchell, Christopher Zahn, William Hall, Robin Stirling, Christopher Tebb, Gareth Syphas, Brendan Edwards, Matthew Hnatiw, [Cox] Charles Clarke"
57,Eights Tier 1,SFAB 2,2,6,OXB (C),Oxford Brookes,"Ben O'Neill, Edwin Grimster, Luke Hillier, Harry Hogan, Tom Asteriades, Matthew Newman, Benjamin Reeves, Oliver Morgan, [Cox] Gavin McWilliams"
57,Eights Tier 1,SFAB 2,3,7,TRC (A),Thames RC,"Alex Morris, Ian Hurley, Samuel Barnes, Orlando Nixon, Skye Landon, Ben Thomas, William Moorhouse, Thomas Phelps, [Cox] Vlad Saigau"
57,Eights Tier 1,SFAB 2,4,4,SAA,Star & Arrow,"Tom Wiblin, Patrick George, Harry Higginbottom, James Fox, Jonathan Cameron, Callum Johnson, Chris Ray, Bertie Woodward-Fisher, [Cox] Samuel Royston"
57,Eights Tier 1,SFAB 2,5,1,IMP,Imperial Coll,"Romain Barnoud, James Harrison, Luke Whiting, Edward Bentley, A Ball, Edward Rees, Jonathan Edwards, Alister Fraser, [Cox] Emily Boother"
57,Eights Tier 1,SFAB 2,6,3,LRC (A),London RC,"Matthew Reeder, Dylan Wing, Todd Hale, Thomas Neeld, Tom Monaghan, Jamie Saunders, Sebastien Thomas, Lucas Vitale, [Cox] Kim Wilkinson"
57,Eights Tier 1,SFAB 2,7,2,KRC,Kingston RC,"Adele Hing, Andrew Bedford, Edward Davies, Ben Handy, Thomas Rawlins, Hal Bedford-Payne, Cameron Spurling, George Fellows, [Cox] Prudence Seaward"
58,Coxless Pairs Tier 2,Final,1,7,LDR,Leander Club,"Richard Clarke, Edward Gleadowe"
58,Coxless Pairs Tier 2,Final,2,5,ZUC,University Coll Cork RC,"David Synnott, Steven Murphy"
58,Coxless Pairs Tier 2,Final,3,4,CNN (B),Cambridge 99,"Nicholas Thorn, Helge Dietert"
58,Coxless Pairs Tier 2,Final,4,6,AKN,Auriol Ken,"James Dickinson, Mark Mearing-Smith"
58,Coxless Pairs Tier 2,Final,5,3,ZCK,Cork BC,"Tomas Power, Sean O'Sullivan"
58,Coxless Pairs Tier 2,Final,6,2,SCU,Strathclyde U,"Edward Ayton, Calum Young"
59,Double Sculls Tier 3,Final,1,3,OXB,Oxford Brookes,"Matthew Martinez, Alexander Bavage"
59,Double Sculls Tier 3,Final,2,1,SCU,Strathclyde U,"LukÃ¡Å¡ Melichar, Christopher Parsonage"
59,Double Sculls Tier 3,Final,3,4,TWK,Twickenham RC,"Oliver Hellel, Oliver Warren"
60,Masters Eights,Final,1,7,TSS,Tideway Sc Sch,"H Williams, Benjamin Bridger, Jamie Priestley, Roger Swift, David Best, Tim Sanders, R Clarke, Peter Watts, [Cox] L Greaves"
60,Masters Eights,Final,2,6,PTR (A),Putney Town,"Craig Judd, Alex Marengo, Nicolas Francis Journeaux, Paul Debois, Peter Rogers, Gavin C Donaldson, Simon De Maria, Geoffrey Metzger, William Desmond, [Cox] Julie Lewis"
60,Masters Eights,Final,3,5,PTR (B),Putney Town,"James Diserens, Stephen Rose, Keith Wills, Jonathan Selby, Richard Fryer, David Oswell, Tim Green, Geoffrey Charles Adams, Jeremy Brecknock, [Cox] R C Jewkes"
62,SIngle Sculls Tier 3,Heat 1,1,4,GRI,Griffen BC,Daniel Boddington
62,SIngle Sculls Tier 3,Heat 1,2,3,BUR,Burway RC,Jack Barrett
62,SIngle Sculls Tier 3,Heat 1,3,1,GLU,Glasgow Univ,Matthew Mole
62,SIngle Sculls Tier 3,Heat 1,4,5,ZDJ,Castleconnell Boat Club,Fionnan Crowley
62,SIngle Sculls Tier 3,Heat 1,5,6,BAU,Bath Univ,Thomas Stace
62,SIngle Sculls Tier 3,Heat 1,6,2,TSS,Tideway Sc Sch,Jack Keech
63,SIngle Sculls Tier 3,Heat 2,1,5,AGE,Agecroft RC,Hugh Gallie
63,SIngle Sculls Tier 3,Heat 2,2,7,SCU,Strathclyde U,Ben Parsonage
63,SIngle Sculls Tier 3,Heat 2,3,3,BAU,Bath Univ,Thomas Mapp
63,SIngle Sculls Tier 3,Heat 2,4,4,EXE,Exeter RC,Harry William Shepherd
63,SIngle Sculls Tier 3,Heat 2,5,2,CAB,Cantabrigian RC,Jonah Harris
63,SIngle Sculls Tier 3,Heat 2,6,1,GLU,Glasgow Univ,Aaron Nicholson
64,Women's Quad Sculls Tier 1,Final,1,3,TSS,Tideway Sc Sch,"Amelia Carlton, Olivia Uguz, Georgina Grandfield, Francesca Rawlins"
64,Women's Quad Sculls Tier 1,Final,2,2,OXB,Oxford Brookes,"Zoe Taylor, Georgina Grant, Robyn Armstrong, Emily Herridge"
64,Women's Quad Sculls Tier 1,Final,3,4,NRC (A),Nottingham RC,"Kerryn Meston, Annie Campbell-Orde, Kate Parsons, Jenna Draycott"
64,Women's Quad Sculls Tier 1,Final,4,5,NRC (B),Nottingham RC,"Fleur TavarÃ©, Charlotte Brown, Lucy Holgate, Isabella Barlow"
65,Women's Lwt 1x,Final,1,7,AGE,Agecroft RC,Ellie Lewis
65,Women's Lwt 1x,Final,2,6,EXU,Exeter Univ,Susannah Duncan
65,Women's Lwt 1x,Final,3,5,TRC,Thames RC,Suzi Perry
65,Women's Lwt 1x,Final,4,4,BAU,Bath Univ,Laura Macro
65,Women's Lwt 1x,Final,5,2,ZFS,Skibereen RC,Orla Hayes
65,Women's Lwt 1x,Final,6,3,GRO,Grosvenor RC,Lucy Iball
66,SIngle Sculls Tier 5,Heat 1,1,3,DUB,Durham Univ,Montague Norman
66,SIngle Sculls Tier 5,Heat 1,2,6,MED,Medway Towns RC,Robert Blair
66,SIngle Sculls Tier 5,Heat 1,3,2,SOC,Coalporters,Harry Aitchison
66,SIngle Sculls Tier 5,Heat 1,4,1,DUB,Durham Univ,Ryan Todhunter
66,SIngle Sculls Tier 5,Heat 1,5,4,DUB,Durham Univ,Neil Connell
67,SIngle Sculls Tier 5,Heat 2,1,4,IEL,Isle of Ely RC,George Bourne
67,SIngle Sculls Tier 5,Heat 2,2,6,SOC,Coalporters,Zach Williams
67,SIngle Sculls Tier 5,Heat 2,3,2,MBC,Molesey BC,Duncan McLellan
67,SIngle Sculls Tier 5,Heat 2,4,5,UTC,Upper Thames RC,Robert Moles
67,SIngle Sculls Tier 5,Heat 2,5,1,GLW,Glasgow RC,LukÃ¡Å¡ Melichar
69,Women's Eights Tier 1,Final F,1,7,PTR (B),Putney Town,"E Culley, Joely Dicks, Laura Peck, Jade Gowan, Lauren Buchanan, Francesca Lawley, Georgina Killick, Melanie Perkins, [Cox] Tanya Bates"
69,Women's Eights Tier 1,Final F,2,6,PTR (A),Putney Town,"Simone Frehe, Susan Pictor, Clare Allen, Marisa Futernick, Cecile Auty-Jacklin, Mary Mortimer, Karen Shepherd, Jane Nash, [Cox] Camilla Lister"
69,Women's Eights Tier 1,Final F,3,5,IMP,Imperial Coll,"Geraldine Regnier, Agnese Grison, Tosca Cederberg Marmefelt, Georgia Grand, Alix Fenies, Jessica Olive, Martha Parkinson, Georgiana Malin, [Cox] Catherine Bowden"
69,Women's Eights Tier 1,Final F,4,4,KCL,King's Coll Lon,"Georgia Heaver-Wren, Sophie Taylor, Juliet McQueen, Diane Cooke, Sophie van Son, Jessica Woolley, Nicole Seredenko, Rosie Noonan, [Cox] Victoria Heald"
70,Women's Eights Tier 1,Final E,1,4,GLU,Glasgow Univ,"Rebeccas Perry, Jane MacGregor, Izzy MacDonald, Aliese Steinhart, Nina Gray, Amy Tulloch, Kirsty Naismith, Elizabeth Barriero, [Cox] Stuart Mitchell"
70,Women's Eights Tier 1,Final E,2,6,CFU,Cardiff Univ,"Anita Rozenvalde, Holly Thomas, Heather Stewart, Lauren Wareham, Imogen Freethy, Megan Douglas, Miranda Clements, Charlotte Eales, [Cox] Megan Walker"
70,Women's Eights Tier 1,Final E,3,5,USU,Surrey Univ,"Joanna Walker, Jasmine Bone, Naomi Coleman, Eleanor Stevens, Jenna Charman, Fiona Norris, Sophie Hossack, Megan Moloney, Rachel Pritchard, [Cox] Tsolo Swan"
70,Women's Eights Tier 1,Final E,4,7,ZDT (B),Dublin U Ladies,"Ruthie McHugh, Jane Hogg, Aideen Fay, Aoife McGranaghan, Molly Brennan, Gabriele Gusciute, Anna Mangan, Ellen Murphy, [Cox] Clare White"
70,Women's Eights Tier 1,Final E,5,1,ULO (B),London Univ,"Abigail Powell, Amelie Peiker, Hannah Lidbetter, Annabel Strachan, Jenny Budden, Alexandra Courage, Jessica Milborne, Martina Larsson, [Cox] Tanya Hossain"
70,Women's Eights Tier 1,Final E,6,3,ZCK,Cork BC,"Jessica McCarthy, Valerie O'Driscoll, Claire Ryan, Aisling O'Leary, Aisling Dwyer, Kate McCarthy, Ciara Hennessy, Siobhan Egan, [Cox] Mary Aird"
70,Women's Eights Tier 1,Final E,7,2,CBR (B),Bristol City,"Emma Greenhow, Rebecca Harnett, Annabel Young, Jenna Randall Smith, ELLEN GRIST, Eimear McGeehan, Andreea Paraschivescu, Rosie Oates, [Cox] Paddy Davison"
71,Women's Eights Tier 1,Final D,1,7,STN,Staines BC,"Suzanne Cole, Georgina Watling, Rachel Brown, Claire Couves, Sophie Richards, Catherine Long, Maddison Shoolbread, Emma Corless, [Cox] Anna Cackett"
71,Women's Eights Tier 1,Final D,2,6,ZNU (B),NUI Galway BC,"Shannon Sheridian, Sorcha O'Donnell, Siuan Mannion, Aisling Nolan, Naomi Tunstead, Sarah Blaney, Ailbhe NÃ- Griofa, Ellen Ormsby, [Cox] Cathal McNamara"
71,Women's Eights Tier 1,Final D,3,5,UCL,UC London,"Emily Nash, Anna-Rose Truman, Catherine Bentley, Claudia Abdallah, Rachel Dumbrell, Natalie Ohene, Ellen Forsyth, Tegan Foister, [Cox] Lauren Johncock"
71,Women's Eights Tier 1,Final D,4,4,CBR (A),Bristol City,"Caitlin Bloom, Rebecca Perkins, Sofia Deambrosi, Emma Bawden, Lauren O'Neill, Jenny Chapman, Chloe Farrar, Rachel Wilson, [Cox] Isobel Stone"
71,Women's Eights Tier 1,Final D,5,3,TRC (B),Thames RC,"Robyn Carter, Louisa Horton, Jennifer O'Boyle, Lucy Nee, Sophie Jenkins, Bryony Spottiswoode, Charlotte Potter, Eleanor Roberts, [Cox] Alastair Jackson"
71,Women's Eights Tier 1,Final D,6,2,EXU,Exeter Univ,"Sophie Wrixon, Emily Batchelor, Julia Bradley, Eleanor Hayes, Arabella Weetch, Jemima Betts, Eleanor Foot, Alex Flynn, Helene Stabell Haaheim, [Cox] Rossana Wing"
71,Women's Eights Tier 1,Final D,7,1,CUR,Curlew RC,"Rebecca Jackson, Inga Jirgensone, Claire Williams, Lianne Abbott, Gemma Barker, Anna Palsdottir, Charlotte Waghorne, Jessica Phillips, [Cox] Alexander Smith"
72,Women's Eights Tier 1,Final C,1,7,AGE,Agecroft RC,"Frances Barrand, Camilla O'Driscoll, Kate Silverthorne, Grace Miller, Charlotte Walsh, Florence Morton, Alexandra Gardiner, Charlotte Grandfield, [Cox] Marion Vannier"
72,Women's Eights Tier 1,Final C,2,6,KRC/ LEA/ QBC/ TSS/ ULO,Kingston RC/ Lea RC/ Quintin B...,"Rebekah Edgar (QBC), Claire McIntosh (TSS), Amanda Benson-Skailes (LEA), Bridget Snaith (LEA), Judith Schulz (TSS), Caroline Matthews (TSS), Elaine Johnstone (TSS), Andrea Finn (KRC), [Cox] Megan Neville (ULO)"
72,Women's Eights Tier 1,Final C,3,5,ZGY,Galway RC,"Ruth Elwood, Kellie-Ann Folan, Isabella McDonald, Roisin Cahill, Kellie Wade, Amy Sims, Claire Elwood, Fiona Murtagh, [Cox] Sarah Lynch"
72,Women's Eights Tier 1,Final C,4,4,VRC,Vesta RC,"Cameo Choquer, Victoria Carroll, Fiona Robinson, Cherry Fermor, Hannah Futter, Clare Wood, Catherine Long, Kirsty McGregor-Ritchie, [Cox] Lauren Hardcastle"
72,Women's Eights Tier 1,Final C,5,3,FUL,Fulham Reach,"Sally Hodgson, Ella Hutchinson, Fay Sandford, Georgina Phillips, Elizabeth Cottrell, Beatrix Sheldrick, Jenny Arnold, Fiona Schlesinger, [Cox] S Tjornelund"
72,Women's Eights Tier 1,Final C,6,1,DUB (B),Durham Univ,"Francesca Quinn, Gabriella Hatfield, Megan Lillington, Maya Nickituk, Alicia Schwarzenbach, Eva Siwiak-Jaszek, Megan Connolly, Harriet Watson, [Cox] Zoe Evans"
72,Women's Eights Tier 1,Final C,7,2,UBR (B),Bristol Univ,"Lily Donovan, Charlotte Rogers, Rosie Watkins, Sophie Angel, Madeleine Jannoe, Grace Ward-Allen, Catherine Nohre, Charlotte Marshall, [Cox] Caroline Welsh"
73,Women's Eights Tier 1,Final B,1,7,TSS,Tideway Sc Sch,"Holly Smith, Roxanna Colebatch, Megan Hollands, Alicia Keith, Ellenor Peebles, Cecilia Ricks, Sally Trump, Katie Potter, [Cox] Sophie Shapter"
73,Women's Eights Tier 1,Final B,2,6,ZCR,Commercial RC,"martina bracken, edel gary, gill crowe, gillian hosford, naomi fearon, hazel o neill, Sinead Dolan, ruth morris, [Cox] niamh williams"
73,Women's Eights Tier 1,Final B,3,5,UBR (A),Bristol Univ,"Cecilia Assmundson, Phoebe Beer, Alice Davies, Charlotte Greenwood, Sally Elphick, Alice Lovett, Nathalie Rappaport, Jessica Pope, [Cox] Sophia Margetts"
73,Women's Eights Tier 1,Final B,4,4,ZDT (A),Dublin U Ladies,"Nora Fisher, Sarah Kelly, Aoife Corcoran, Caoimhe Dempsey, Aoife Byrne, Gemma Foley, Laura Walsh, Sarah Higgins, [Cox] Aoife Reid"
73,Women's Eights Tier 1,Final B,5,2,AKN,Auriol Ken,"Kirsty Page, Angela Hitchens, Sophie Lovett, Amanda Piggot, Katherine Pankhurst, Tamara Zwaagstra, Joanna Innes-Hopkins, Catherine Edwards, [Cox] Chris Williamson"
73,Women's Eights Tier 1,Final B,6,3,TRC (A),Thames RC,"Clodagh Loughnane, Charlotte Orrell, Helen Carswell, Rose Bernard, Hannah Laird, Katrine Eskander, Katherine Woodward, Flora Emeney, [Cox] Nathalie Kernan"
73,Women's Eights Tier 1,Final B,7,1,LLA,Llandaff RC,"Catherine Raine, Grace Mahony, Bridget Lapage, Alison Boyes, Emily Brace, Ella Tepper, Olivia Howe, Georgie Haynes, [Cox] Richard Summers"
74,Women's Eights Tier 1,Final A,1,7,MBC,Molesey BC,"Emma McDonald, Caitlin Boyland, Gabby Rodriguez, Elo Luik, Lucy Primmer, Ruth Whyman, Rebecca Edwards, Katie Bartlett, [Cox] Morgan Baynham-Williams"
74,Women's Eights Tier 1,Final A,2,6,ULO,London Univ,"Emily Wilks, Lottie Bruce, Fionnuala Gannon, Emma Reiser, Charlotte Hodgkins-Byrne, Georgia Statham, Alessandra French, Robyn Hart-Winks, [Cox] Lauren Holland"
74,Women's Eights Tier 1,Final A,3,4,ZNU (A),NUI Galway BC,"Alison Mooney, Susan Kennelly, Aisling Cahill, Georgina Deane, Alannah Leonard, Nuala Landers, Sadhbh O'Connor, Marie Pigott, [Cox] Johanna Walsh"
74,Women's Eights Tier 1,Final A,4,3,OXB (B),Oxford Brookes,"Alex Styles, Alice Harper, Katie Metalli, Lucy Mason, Johanna Gannon, Francesca Molyneux, Aly Vogelzang, Madeleine Dobson, [Cox] Aisling Humphries-Griffiths"
74,Women's Eights Tier 1,Final A,5,2,DUB (A),Durham Univ,"Amy Polglase, Helena Louise Lang, Tessa van Veen, Ellen Roberts, Lauren Irwin, Helena Barton, Rebekka Hodson, Hanna Gailis Inntjore, [Cox] Abigail Riley"
74,Women's Eights Tier 1,Final A,6,1,NEW (B),Newcastle Univ,"Phoebe Truett, Sundee Denton-Chandler, Anna Van de Braak, Charlotte Dobson, Kate Woolley, Kathryn Eccles, Leanne Knight, Lucy Stanhope, [Cox] Charlotte Hill"
74,Women's Eights Tier 1,Final A,7,5,NEW (A),Newcastle Univ,"Fiona Chestnutt, Frances Russell, Harriet Aubrook, Lydia Davis, Katherine Bulmer, Leah Kindleyside, Harriet Roddy, Rachel Webb, [Cox] Sophie Bury"
75,Eights Tier 1,Final J,1,7,KCL (A),King's Coll Lon,"Matthew Fish, Ali Atun, Alexander Woodhouse, William Masters, Josh Funnell, Guglielmo La Torre, Kit Mersey, Nikolai Horozov, [Cox] Bethan Grech"
75,Eights Tier 1,Final J,2,5,MHD,Maidenhead RC,"Gabriel Jennings, Robert Smith, Peter Pratelli, Matthew Edmundson, Ben Edgar-Whelan, Chris Richards, Jack Cox, [Cox] Tegan Pereira-Rego"
75,Eights Tier 1,Final J,3,6,KCL (B),King's Coll Lon,"Jack Griffiths, Jack Mulekezi, Rory Swan, Derek Watson, Hugo Thomas, James Lee, Matthew Evans, Daniil Baryshnikov, [Cox] Eleanor Gosney"
75,Eights Tier 1,Final J,4,4,ZDU (C),Dublin University BC,"Isaac Brickenden, Ciaran Donegan, Paul Kennedy, Andrew Finnerty, John Taaffe, Hugh Lohan, Constantine Knauer, Ross Layden, [Cox] Hannah Colgan"
76,Eights Tier 1,Final I,1,4,AKN,Auriol Ken,"Yevgen Fesenko, Alexander Tomlinson, Juan Aponte, Joshua Herridge, James Kirkbride, Stuart Watts, Sebastian Frechtling, Cameron Graham, [Cox] William Lewis"
76,Eights Tier 1,Final I,2,6,ZDU (D),Dublin University BC,"Robbie White, Conor Phelan, Raja Sleiman, Dylan O'Halloran, Paulus Heemskerk, Brian Egan, Andrew Burgess, Gavin Moore, [Cox] Arne Philipeit"
76,Eights Tier 1,Final I,3,5,ZCD (C),University Coll Dublin RC,"Ben Moore, Thomas O Reilly, Thomas Birmingham, Robbie Glynn, Andrew Mays, Finnian Shilling, O Sullivan Cian, Tim Burke, [Cox] Caoimhe Fitzgerald"
76,Eights Tier 1,Final I,4,7,UWK (B),Warwick Univ,"Felix Buchanan, Amir Ben-Romdhane, Andreas Stabell, Alex Godfrey, Alfred Abercrombie, Carlo Fedeli, Erik Albertson, Manuel Hentschel, [Cox] Daisy Whitchurch"
76,Eights Tier 1,Final I,5,3,VRC (B),Vesta RC,"Robert Alexander, Christian Green, Christopher Goodfellow, Rory Baggott, Alexander KÃ¼ng, James Cox, Laurence Hookway, Oliver Chapman, [Cox] Chloe Ramambason"
76,Eights Tier 1,Final I,6,2,UBR (C),Bristol Univ,"Harry Baker, James Hogben, George Kilgour, Charlie Baker, Louis Heath, Angus Firth, William Feakes, Tom Sykes, [Cox] Alicia Hardy"
76,Eights Tier 1,Final I,7,1,UCL (B),UC London,"Jack Ren, Neel Raja, Patrick McDonald, Nikolaj Tranholm-Mikkelsen, Joris Simaitis, Theodore Fawcett, Shay Sharma, Freddie Dewey, [Cox] Sean Cannon"
77,Eights Tier 1,Final H,1,7,VRC (A),Vesta RC,"Sven Radcke, Oliver Lumley, Michael Warren, Giovanni Galavotti, Christopher Clements, Henry Primarolo, Robert Donald, William Pearson, [Cox] Nicola Sani"
77,Eights Tier 1,Final H,2,6,CFU,Cardiff Univ,"Christopher Blenkharn, George Webb, Sam Davenport, Harry Perry, James Dennis, Nicholas Garraway, Harry Smallman, Dominic O'Malley, [Cox] Emma Fitzpatrick"
77,Eights Tier 1,Final H,3,5,UBR (B),Bristol Univ,"Morgan Gray, Tom Watkinson, Alasdair Knight, James Foster, John Allden, Marcus Smith, Arthur Smith, Carl Cox, [Cox] Johanna Dodgson"
77,Eights Tier 1,Final H,4,4,EXU (B),Exeter Univ,"Rossana Wing, Ben Shaw, Benjamin Sherry, Rhys Powell, John Adams, Fergus Shegog, James Shaw, Michael de Winton, Jack Marcus, [Cox] Sophie Wrixon"
77,Eights Tier 1,Final H,5,2,DUB,Durham Univ,"Matthew Roe, Harry Cox, Lachie Ives, George Cansdale, Christian Palmer, Lloyd Barron-Robinson, Lucas Rodd, Benjamin Evans, [Cox] Fiona Hardyman"
77,Eights Tier 1,Final H,6,3,CAM,Cambridge City,"Tom Watt, Ashley Mander, Scott O'Donoghue, Paul Worth, Thomas Hetherington, Callum McKenzie, Thomas Shadbolt, Jack Lawlor-Anderson, [Cox] Jess Upton"
77,Eights Tier 1,Final H,7,1,NSH,Nonesuch BC,"H Cooper, Ben McSweeney, Toby Bownass, Charles Lewis, Francis Beynon, Chris Heywood, Jonathan McCann, Thomas Clark, [Cox] Emily Almond"
78,Eights Tier 1,Final G,1,3,YRK,York City RC,"Philip Press, Paul Richardson, Charles Heise, Patrick Evans, Benjamin Bollans, Iain David Edmondson, Andrew Wilkinson, Daniel Lewis, [Cox] Louise Hawkyard"
78,Eights Tier 1,Final G,2,7,LEE,Leeds RC,"Andrew Walker, Mark Tarrant, Lewis Marston, Conor Vincent, James Tipper, Daniel Humphrey, Vasileios Athanasiadis, Theodosios Travlos, [Cox] Jasmine Jones"
78,Eights Tier 1,Final G,3,2,COX (B),Oxford City,"Hamish Bowie, William Rogers, Edward Podgorski, Dmitry Nazarenko, Simon Kirk, Luke Kelly, Harry Robinson, Thomas Briggs, [Cox] Kirstin Anderson"
78,Eights Tier 1,Final G,4,6,SCO,St Cats Oxford,"Matthew Smith, Ryan McKay, David Smith, Julian Malisano, Oliver Berry, Jack Shepherd-Cross, Jonathan Martin, Charles Garner, [Cox] Tobias Dirnhuber"
78,Eights Tier 1,Final G,5,1,NOR,Norwich RC,"Oliver Roe, Ed English, Oli Tyler, Carey Pearson, Carl Shiplee, Jake Kattenhorn Black, Toby Trett, Oliver Negus, [Cox] Darwin Columbus Friend"
78,Eights Tier 1,Final G,6,5,EXE,Exeter RC,"Sam Gilman, Marcus Worthington, Simeon Bates, Robbie Eggen, Ben Bryon-Edmond, Sam Fotheringham, Graham Forrest, Tom Smalley, [Cox] Samuel Cope"
78,Eights Tier 1,Final G,7,4,UNH,United Hosp BC,"James Temple, Robin Wang, Lewis Rogers, Yaroslav Shkanov, Amaury Trockels, Anthony Flannery, Morgan Hughes, Abdel Younes Ibrahim, [Cox] Alexander Davie"
79,Eights Tier 1,Final F,1,5,ZNU (B),NUI Galway BC,"Jack Kilduff, Alex Chadfield, Kai McGlacken, Baptiste Guerinot, Brian Keane, Eoghan Walls-Tuite, Gerry Mannion, Donal Coen, [Cox] Cathal McNamara"
79,Eights Tier 1,Final F,2,4,IMP (B),Imperial Coll,"Ian Kegler, James Wilson, David Simmonds, Matthew Layton, Ben Hambrook, Matthew McElroy, Harry Uglow, Harry Knights, [Cox] Charlotte Grayson"
79,Eights Tier 1,Final F,3,2,EXU (A),Exeter Univ,"Thomas Richards, Cameron Murray, Nicholas Mathers, Carl Lofthagen, Tristan Taylor, John Hunt, Angus Irvine, Charles Scott, [Cox] Edward Mills"
79,Eights Tier 1,Final F,4,3,UWK (A),Warwick Univ,"Mark Hughes, Jack Hutchinson, Alexander Dawson, Tiago Fachada, Thomas Hall, Joshua Semple, Lukas UhrstrÃ¶m, Jake Bedford, [Cox] Sophie Ledingham"
79,Eights Tier 1,Final F,5,7,UCL (A),UC London,"Ludovic Lenders, James Dyson, Oscar Frith, Sachin Turakhia, John Figi, Maximilian Hess, Rory Dawson, Jaime San Miguel Navas, [Cox] Florence Beard"
80,Eights Tier 1,Final E,1,7,LEA,Lea RC,"James Stanier, Thomas Wei, Max James Beverton, Ross McDonald, Hugh Berry, Anthony Brewer, Evan Whittal-Williams, Emilio Hernandez, [Cox] Richard Hill"
80,Eights Tier 1,Final E,2,6,UWE,W England Univ,"Aghaude Amadi, Edward Dean, Benjamin Stafford, Charles Wagstaff, Liam Hopkins, Will Lord, Andrew Heath, Tim Waller, [Cox] Freya Jennings"
80,Eights Tier 1,Final E,3,5,WRR,Worcester RC,"David Hopkins, James Riach, Alex Kearns, Jack McDonald, Ryan Pettifer, William Fraser, Joshua Rogers, Timothy Woodman, [Cox] Molly Elkins"
80,Eights Tier 1,Final E,4,1,NRC,Nottingham RC,"Hamish Hughes, Toby Piggott, Matthew Bowles, Adam Wright, George Rymell, Stephen Bennett, Ben Farrell, James Doleman, [Cox] Sophie Jones"
80,Eights Tier 1,Final E,5,3,LRC (B),London RC,"Will Golding, Christopher Linn, Joshua Scott Meredith, Aidan O' Flaherty, Edward Sandhu, Nick Adams, George Trelawny, Rory Corbett, [Cox] Charlotte Fuscone"
80,Eights Tier 1,Final E,6,4,BAU,Bath Univ,"James Martin, Charlie Parker, Ben Pickford, Matthew Moore, Matthew Horsford, Marcus Lewis, William England, Thomas Bowles, [Cox] Daniel Baillache"
80,Eights Tier 1,Final E,7,2,TRC (C),Thames RC,"William Hilder, Andrew Curry, Thomas Burnell, Alexander Woolley, Radulf Bertschinger, Alexander Bennett, William Campbell, Keir Macdonald, [Cox] Jennifer Wainer"
81,Eights Tier 1,Final D,1,5,SHR,Shrewsbury Sch,"Matthew Hedges, Rory McKirdy, Alexander King, Matthew Farrow, Barnaby Fox, Alex Lyster-Binns, Matthew Rowe, Sam Branford, [Cox] Tomas Shiels"
81,Eights Tier 1,Final D,2,3,ZCD (B),University Coll Dublin RC,"Cameron Murphy, Coman O'Connell, Michael Noonan, Mark Doyle, Seamus Kennedy, Colm O'Riada, Joe Ronaldson, James O'Sullivan, [Cox] Shauna Fitz"
81,Eights Tier 1,Final D,3,7,CUR,Curlew RC,"John Stewart, Angus Wilson, Lukas Schmidt, Callum Stayton, Eoghan Beamish, Alexander James Parsons-Mills, T Weekes, Matthew Richardson, [Cox] Nicola Freeman"
81,Eights Tier 1,Final D,4,6,COX,Oxford City,"Toby Seely, Simon Kerswell-Jensen, William Clarke, James Green, Matthew Jones, Henry Drohan, Lucian Purvis, Malcolm Nisbet, [Cox] Alissa Bray"
81,Eights Tier 1,Final D,5,4,ZDU (B),Dublin University BC,"Ryan Dullaghan, Donal O'Shea, Daniel Dennis, Lucas Prodohl, Sean Canning, William Eddershaw, Mark Connolly, Brian Cronin, [Cox] Hamilton Rowan"
81,Eights Tier 1,Final D,6,2,OXB (E),Oxford Brookes,"Jacob Anderson, Jordan Pepermans, Charlie Johnston, Jack Rhodes, Matthew Jones, Ben Eames, Jasper Elliott, Samuel Smith, [Cox] Katy Ward"
82,Eights Tier 1,Final C,1,7,ZDU (A),Dublin University BC,"Adam Browne, Willian Doyle, Matthew Mitchell, Patrick Moreau, Liam Hawkes, Josh Norton, Liadov Andrej, Mark Quigely, [Cox] Hamilton Rowan"
82,Eights Tier 1,Final C,2,5,TRC (B),Thames RC,"Simon Moss, Joe Abdalla, Huw Jones, Andrew Gordon, Charlie Bouch, Sam Thornton, Thomas Symons, Sebastien Tyrie, [Cox] Emily Burge"
82,Eights Tier 1,Final C,3,2,ULO (B),London Univ,"Matthew Denley, Hendrik Kroon, Toby Langstone, Charles Middleton, Alexander Fisher, Will Carey, Thomas Bruce, Guy Screaton, [Cox] Lucy Jones"
82,Eights Tier 1,Final C,4,6,TKC,Team Keane,"Edward Shields, George McKirdy, Benedict Aldous, Anthonie Jacobson, Charles Thurston, Stevan Boljevic, Robert Boswall, Henry Shalders, [Cox] Angus Forbes"
82,Eights Tier 1,Final C,5,4,TSS,Tideway Sc Sch,"Ishan Barve, Rob Hogan, Sean Blake, Robert Muscroft, James Budenberg, Robert Hodgson, Samuel Anderson, Edward Beckett, Kieran Brown, [Cox] Ruaridh MacPhee"
82,Eights Tier 1,Final C,6,3,AGE,Agecroft RC,"Andrew Thomas, Rory O'Neill, Thomas Buckley, Tristan Hollis, Sean Szekely, John Ford, Benedict Adey-Johnson, Jack Roe, [Cox] Lucy Masters"
82,Eights Tier 1,Final C,7,1,RCH,Royal Chester,"Fraser Morgan, Henry William McGarva, Peter Dean, Daniel Weatherly, Harrison Hunter, Thomas Rushton, Alexander Constantinou, John Hedley McGarva, [Cox] Sarah Armstrong"
83,Eights Tier 1,Final B,1,5,IMP,Imperial Coll,"Romain Barnoud, James Harrison, Luke Whiting, Edward Bentley, A Ball, Edward Rees, Jonathan Edwards, Alister Fraser, [Cox] Emily Boother"
83,Eights Tier 1,Final B,2,7,ZNU (A),NUI Galway BC,"Oisin Nolan, Brion O'Rourke, Eoghan Whittle, Jack Bennett, Mantis Pukelis, Kevin Nevile, Richard Bennett, Liam Keane, [Cox] Cathal McNamara"
83,Eights Tier 1,Final B,3,6,ZCD (A),University Coll Dublin RC,"Niall Farrell, David Somers, Tiarnan Doherty, Max Murphy, Sam Bolger, Andrew Griffin, Eoin Gleeson, Ross Thompson, [Cox] Orlagh Reid"
83,Eights Tier 1,Final B,4,4,OXB (D),Oxford Brookes,"Matthew Swiss, Connor Smith, James Snowball, Ben Murphy, Leon Redman, Oliver Ayres, Oliver Gerrard, Patrick Tawns, [Cox] Laura Hyatt"
83,Eights Tier 1,Final B,5,1,KRC,Kingston RC,"Adele Hing, Andrew Bedford, Edward Davies, Ben Handy, Thomas Rawlins, Hal Bedford-Payne, Cameron Spurling, George Fellows, [Cox] Prudence Seaward"
83,Eights Tier 1,Final B,6,3,LRC (A),London RC,"Matthew Reeder, Dylan Wing, Todd Hale, Thomas Neeld, Tom Monaghan, Jamie Saunders, Sebastien Thomas, Lucas Vitale, [Cox] Kim Wilkinson"
83,Eights Tier 1,Final B,7,2,GOL,Goldie BC,"John McCarthy, Jonty Page, Richard Goerke, Sam Ringer, Thomas Strudwick, Seoirse Murray, James Henderson, Pieter Lammers, [Cox] Emily Gordon"
84,Eights Tier 1,Final A,1,7,OXB (A),Oxford Brookes,"Joshua Bugajski, Robert Massey, Matthew Aldridge, Rory Gibbs, Michael Glover, Morgan Bolding, Henry Swarbrick, James Stanhope, [Cox] Harry Brightmore"
84,Eights Tier 1,Final A,2,6,OXB (B),Oxford Brookes,"Dylan Mitchell, Christopher Zahn, William Hall, Robin Stirling, Christopher Tebb, Gareth Syphas, Brendan Edwards, Matthew Hnatiw, [Cox] Charles Clarke"
84,Eights Tier 1,Final A,3,4,OXB (C),Oxford Brookes,"Ben O'Neill, Edwin Grimster, Luke Hillier, Harry Hogan, Tom Asteriades, Matthew Newman, Benjamin Reeves, Oliver Morgan, [Cox] Gavin McWilliams"
84,Eights Tier 1,Final A,4,5,ULO (A),London Univ,"Ben Freeman, James Richards, Alex Steventon, Max Townley, Joshua Tolley, Patrick Boomer, Joshua Kent, Patrick Sullivan, [Cox] Rajaei Sharma"
84,Eights Tier 1,Final A,5,2,TRC (A),Thames RC,"Alex Morris, Ian Hurley, Samuel Barnes, Orlando Nixon, Skye Landon, Ben Thomas, William Moorhouse, Thomas Phelps, [Cox] Vlad Saigau"
84,Eights Tier 1,Final A,6,3,SPS (A),St Paul's Sch,"Cameron McInroy, George Dickinson, Max Deering, Leo Von Malaise, Calvin Tarczy, Douwe De Graaf, Casper Woods, Alex Langstone-Bolt, [Cox] Axel De Boissard"
84,Eights Tier 1,Final A,7,1,SAA,Star & Arrow,"Tom Wiblin, Patrick George, Harry Higginbottom, James Fox, Jonathan Cameron, Callum Johnson, Chris Ray, Bertie Woodward-Fisher, [Cox] Samuel Royston"
85,Women's Double Sculls Tier 2,Heat 1,1,6,ASL,American Sch,"Grace Bake, Sarah Brunsberg"
85,Women's Double Sculls Tier 2,Heat 1,2,4,OUW,Oxford UWBC,"Chloe Laverack, Jenna Hebert"
85,Women's Double Sculls Tier 2,Heat 1,3,1,RDU,Reading Univ,"Anna Smart, Katy Ratcliffe"
85,Women's Double Sculls Tier 2,Heat 1,4,2,ULO,London Univ,"Catherine Ador, Harriet Orr"
85,Women's Double Sculls Tier 2,Heat 1,5,3,NEW (A),Newcastle Univ,"Sofia Turner, Elvira Drummond"
85,Women's Double Sculls Tier 2,Heat 1,6,5,TWK,Twickenham RC,"Amy Grieve, Emma Feerick"
86,Women's Double Sculls Tier 2,Heat 2,1,3,OXB,Oxford Brookes,"Jessica Brown, Emily Green"
86,Women's Double Sculls Tier 2,Heat 2,2,1,SAA,Star & Arrow,"Kesiah Roe, Saskia Devereux"
86,Women's Double Sculls Tier 2,Heat 2,3,6,LER,Leicester RC,"Aoife Holohan, Louise TORT"
86,Women's Double Sculls Tier 2,Heat 2,4,5,BAU,Bath Univ,"Megan Stoker, Carlotta Broglia"
86,Women's Double Sculls Tier 2,Heat 2,5,2,WRC,Wallingford RC,"Jennifer Cullom, Margery Pepper"
86,Women's Double Sculls Tier 2,Heat 2,6,4,DUB,Durham Univ,"Emily Grant, Naomi Doye"
87,Women's SIngle Sculls Tier 3,Heat 1,1,3,WRC,Wallingford RC,Sarah Bowyer
87,Women's SIngle Sculls Tier 3,Heat 1,2,2,WAD,Wadham Coll,Stephanie Hall
87,Women's SIngle Sculls Tier 3,Heat 1,3,4,TSS,Tideway Sc Sch,Gabby Cutler
87,Women's SIngle Sculls Tier 3,Heat 1,4,5,TSS,Tideway Sc Sch,Anna Louise Norgate
87,Women's SIngle Sculls Tier 3,Heat 1,5,6,IEL,Isle of Ely RC,Imogen Magner
88,Women's SIngle Sculls Tier 3,Heat 2,1,4,BAU,Bath Univ,Steph Clutterbuck
88,Women's SIngle Sculls Tier 3,Heat 2,2,3,LER,Leicester RC,Sophie Connolly
88,Women's SIngle Sculls Tier 3,Heat 2,3,6,LEH,Lady E Holles,Elizabeth Witt
88,Women's SIngle Sculls Tier 3,Heat 2,4,5,PBD,Poplar B&D,Phoebe Ohene
88,Women's SIngle Sculls Tier 3,Heat 2,5,2,CAB,Cantabrigian RC,Georgina Plunkett
88,Women's SIngle Sculls Tier 3,Heat 2,6,1,VRC,Vesta RC,Charlotte Lennox
90,Double Sculls Tier 2,Final,1,7,MHD (A),Maidenhead RC,"Harrison Rowe, Edoardo Marshall"
90,Double Sculls Tier 2,Final,2,3,ZSN (A),Shandon BC,"Stephen O'Sullivan, Colm Hennessy"
90,Double Sculls Tier 2,Final,3,1,MHD (B),Maidenhead RC,"Lewis Howlett, Ethan O'Connor"
90,Double Sculls Tier 2,Final,4,4,VRC,Vesta RC,"Simon Woodfine, Harry Bond"
90,Double Sculls Tier 2,Final,5,5,ZCK,Cork BC,"Barry O'Flynn, Barry Connolly"
90,Double Sculls Tier 2,Final,6,6,HUN/ LDU,Huntingdon BC/ Leeds Univ,"Joshua Davies (HUN), Fergus Mitchell-Dwelly (LDU)"
90,Double Sculls Tier 2,Final,7,2,LER,Leicester RC,"Ben Pickering, Gualter Graca"
91,SIngle Sculls Tier 1,Final,1,7,NRC,Nottingham RC,Jonathan Stimpson
91,SIngle Sculls Tier 1,Final,2,4,DUB,Durham Univ,Hugo Coussens
91,SIngle Sculls Tier 1,Final,3,6,OUB,Oxford Univ,Matthew O'Leary
91,SIngle Sculls Tier 1,Final,4,3,BAU,Bath Univ,Nick Bell
91,SIngle Sculls Tier 1,Final,5,5,AGE,Agecroft RC,Matt Jenner
91,SIngle Sculls Tier 1,Final,6,2,TSS,Tideway Sc Sch,Niall Kenny
92,SIngle Sculls Tier 3,Final,1,6,AGE,Agecroft RC,Hugh Gallie
92,SIngle Sculls Tier 3,Final,2,7,GRI,Griffen BC,Daniel Boddington
92,SIngle Sculls Tier 3,Final,3,2,BAU,Bath Univ,Thomas Mapp
92,SIngle Sculls Tier 3,Final,4,3,GLU,Glasgow Univ,Matthew Mole
92,SIngle Sculls Tier 3,Final,5,5,BUR,Burway RC,Jack Barrett
92,SIngle Sculls Tier 3,Final,6,4,SCU,Strathclyde U,Ben Parsonage
93,Coxed Fours Tier 4,Final,1,3,DOW,Downing Coll,"Charles Slater, Andrew Niven, Jack Pearce, Ryan Macpherson, [Cox] Edward Bryan"
93,Coxed Fours Tier 4,Final,2,2,EXU,Exeter Univ,"Matthew Bladen, Nicholas Mathers, John Peterson, John Hunt, Sophie Wrixon, [Cox] Imogen Pike"
93,Coxed Fours Tier 4,Final,3,5,KRC (B),Kingston RC,"Simon Chaing, Edward Davies, Craig Horsford, Gregory Horsford, [Cox] Zara Scott"
93,Coxed Fours Tier 4,Final,4,6,TRC,Thames RC,"Dennis Alexander Gibson, Edward Lewis-Parry, Tom Bradshaw, Tom Roberts, [Cox] Ricardo Le"
93,Coxed Fours Tier 4,Final,5,7,PTR (B),Putney Town,"Rory Keith, James Percival, Jonathan Fisher, James Diserens, [Cox] Jade Gowan"
93,Coxed Fours Tier 4,Final,6,1,IMP (B),Imperial Coll,"Sarunas Driezis, Marwan Mousa, Yizhou Yu, Dmitrii Usynin, [Cox] Catherine Bowden"
94,Women's Coxed Fours Tier 1,Final,1,1,LEA,Lea RC,"Rebecca Minnich, Lucy Stackpool-Moore, Lizzie Chapman, Caroline Newbury, [Cox] Nicola Shepherd"
94,Women's Coxed Fours Tier 1,Final,2,5,VRC,Vesta RC,"Robyn McGregor-Ritchie, Ruth McKellar, Louisa Emkes, Jamie-Rose Larkin, [Cox] Yvonne Owens"
94,Women's Coxed Fours Tier 1,Final,3,4,IMP,Imperial Coll,"Eleanor Disney, Rachel Snow, Heather Walker, Philippa England, [Cox] Rebecca Rowe"
94,Women's Coxed Fours Tier 1,Final,4,6,PTR (B),Putney Town,"Rachel Dean, Deborah Oakley, Catriona Docherty, Sophie Bluff, [Cox] Heather Longstaff"
94,Women's Coxed Fours Tier 1,Final,5,2,WRC,Wallingford RC,"Victoria Bellamy, Katherine Butler, Leigh-Ann Bard, Samantha Burrows, [Cox] Emily Booker"
94,Women's Coxed Fours Tier 1,Final,6,3,MBC,Molesey BC,"Emma Boyns, Phoebe Bradbury, Lydia Cronin, Amber Hickson, [Cox] Ana Yong"
95,Quad Sculls Tier 1,Final,1,4,LDR,Leander Club,"Harry Leask, Rowan Law, Harry Glenister, Andrew Joel"
95,Quad Sculls Tier 1,Final,2,5,MBC,Molesey BC,"Dominic Jackson, Dave Bell, Cormac Molloy, Rory Harris"
95,Quad Sculls Tier 1,Final,3,3,EHU,Edinburgh Univ,"James Temple, Josh Armstrong, Matthew Curtis, Gavin Horsburgh"
95,Quad Sculls Tier 1,Final,4,2,OXB,Oxford Brookes,"Daniel Wilkinson, George Eden, Frederick Tison, James Mawby"
95,Quad Sculls Tier 1,Final,5,1,AGE/ CLD/ NRC/ TEE,Agecroft RC/ Clydesdale ARC/ N...,"Cameron Harrison (TEE), Matthew Haywood (NRC), Jake Brown (AGE), Jack Burns (CLD)"
95,Quad Sculls Tier 1,Final,6,6,ZCD/ ZCR/ ZUC,University Coll Dublin RC/ Com...,"Niall Beggan (ZCR), Shane O'Connell (ZCD), Andrew Goff (ZCD), Stephen O'Connor (ZUC)"
96,Coxed Fours Tier 2,Final,1,3,TRC (B),Thames RC,"Thomas Foad, Marc Cox, Thomas Portsmouth, Zack Youell, [Cox] Lesley Vowles"
96,Coxed Fours Tier 2,Final,2,1,GLU,Glasgow Univ,"Morgan Serpell, Calum Sinclair, Iain Mclaughlin, Gerard Gallagher, [Cox] Rebecca Vest"
96,Coxed Fours Tier 2,Final,3,7,ULO,London Univ,"Marshall Akita, Andrew Holm, Frederick Smart, Archie Hilder, [Cox] Harry Peters"
96,Coxed Fours Tier 2,Final,4,2,ZUC,University Coll Cork RC,"David Synnott, Steven Murphy, Julian Larkin, Thomas Higgins, Claire Synnott, [Cox] Cormac O'Connell"
96,Coxed Fours Tier 2,Final,5,6,QBC,Quintin BC,"Harrison Oliva, Paul Knoops, Samuel Gunning, Henry Robins, [Cox] Hazel Wilson"
96,Coxed Fours Tier 2,Final,6,5,CAB (A),Cantabrigian RC,"Hannes Burfeind, Sam Philpott, Guy Fiddian, James Adams, [Cox] Sara Russo"
96,Coxed Fours Tier 2,Final,7,4,WRC,Wallingford RC,"James Wright, Robert Mason, Jonathan Mentor, Robert Hines, [Cox] Poul Alexander"
97,SIngle Sculls Tier 5,Final,1,6,IEL,Isle of Ely RC,George Bourne
97,SIngle Sculls Tier 5,Final,2,5,MED,Medway Towns RC,Robert Blair
97,SIngle Sculls Tier 5,Final,3,3,SOC,Coalporters,Harry Aitchison
97,SIngle Sculls Tier 5,Final,4,2,MBC,Molesey BC,Duncan McLellan
97,SIngle Sculls Tier 5,Final,5,4,SOC,Coalporters,Zach Williams
98,Coxless Pairs Tier 1,Final,1,4,CUB,Cambridge Univ,"Aleksander Malowany, Frederick Davidson"
98,Coxless Pairs Tier 1,Final,2,5,MBC,Molesey BC,"George Stewart, Alastair Douglass"
98,Coxless Pairs Tier 1,Final,3,3,HEN,Henley RC,"Michael Nagi, David Lambourn"
98,Coxless Pairs Tier 1,Final,4,6,CFC (A),Cardiff City RC,"David George, Adrien Grubb"
99,Women's SIngle Sculls Tier 1,Final,1,2,ZKG,Killorglin Rowing Club,Monika Dukarska
99,Women's SIngle Sculls Tier 1,Final,2,7,LEE,Leeds RC,Georgina Brayshaw
99,Women's SIngle Sculls Tier 1,Final,3,1,ZCD,University Coll Dublin RC,Aileen Crowley
99,Women's SIngle Sculls Tier 1,Final,4,6,WRC,Wallingford RC,Mary Wilson
99,Women's SIngle Sculls Tier 1,Final,5,5,ZFS (A),Skibereen RC,Aoife Casey
99,Women's SIngle Sculls Tier 1,Final,6,3,IMP,Imperial Coll,Pippa Whittaker
99,Women's SIngle Sculls Tier 1,Final,7,4,TRC,Thames RC,Jordan Cole-Hossain
100,Women's Coxless Fours Tier 2,Final,1,4,OXB,Oxford Brookes,"Christie Duff, Mirella McGee, Sophia Heath, Grace Macdonald"
100,Women's Coxless Fours Tier 2,Final,2,3,EXU,Exeter Univ,"Isabel Lingard, Alex Flynn, Julia James, Kristina Stone"
100,Women's Coxless Fours Tier 2,Final,3,6,CUR,Curlew RC,"Gemma Barker, Anna Palsdottir, Sophie Leonard, Charlotte Waghorne"
100,Women's Coxless Fours Tier 2,Final,4,1,MBC,Molesey BC,"Alice Jefferies, Sasha Ellam-Brown, Katharina Clark, Lillie Reid"
101,Women's Coxed Fours Tier 3,Final,1,7,EXE (B),Exeter RC,"Kate Salmon, Rosalind West, Kirsty Barker, Rebecca Kelly, [Cox] Abby Jones"
101,Women's Coxed Fours Tier 3,Final,2,3,OXB,Oxford Brookes,"Hope Kannor, Emily Paul, Georgina Lowe, Lucy Walker, [Cox] Louise Manning"
101,Women's Coxed Fours Tier 3,Final,3,6,ZGY,Galway RC,"Claire Elwood, Fiona Murtagh, Isabella McDonald, Roisin Cahill, [Cox] Sarah Lynch"
101,Women's Coxed Fours Tier 3,Final,4,2,TRC (A),Thames RC,"Jennifer Pollard, Hayley Pullin, Rebecca Angwin, Sarah Newton, [Cox] Lauren Bates-Brownsword"
101,Women's Coxed Fours Tier 3,Final,5,1,ZDT (A),Dublin U Ladies,"Susie O' Neill, Ellen Clohessy, Maria Kennedy, Aine Kennedy, [Cox] Aoife Reid"
101,Women's Coxed Fours Tier 3,Final,6,5,ZUC,University Coll Cork RC,"Ellen Desmond, Clara Rowe-Ham, Fiona O'Keefe, Katie Nagle, [Cox] Cormac O'Connell"
101,Women's Coxed Fours Tier 3,Final,7,4,NEW,Newcastle Univ,"Christina Castledine, Charlotte Penrose, Victoria Chamberlain, Kathleen Blake, [Cox] Freya Lawrence"
102,Women's Coxless Pairs Tier 1,Final,1,3,TRC (A),Thames RC,"Natalie Hardy, Lowenna Coad"
102,Women's Coxless Pairs Tier 1,Final,2,1,ZCK,Cork BC,"Grace Collins, Lisa Dilleen"
102,Women's Coxless Pairs Tier 1,Final,3,5,CUW (B),Cambridge UWBC,"Sally O'Brien, Lucy Pike"
102,Women's Coxless Pairs Tier 1,Final,4,2,LEA (B),Lea RC,"Rachel Lund, Valentina Futoryanova"
102,Women's Coxless Pairs Tier 1,Final,5,6,OUW,Oxford UWBC,"Isobel Dodds, Rebecca te Water NaudÃ©"
103,Lwt 1x,Final,1,4,CNN,Cambridge 99,Henk-Jaap Wagenaar
103,Lwt 1x,Final,2,2,TRC,Thames RC,Philip Lee
103,Lwt 1x,Final,3,5,EAR,Earith SC,Alexander Carter
104,Coxless Fours Tier 1,Final,1,7,LDR,Leander Club,"Barnaby Stentiford, Finn Stevenson, Sam Twine, George Rossiter"
104,Coxless Fours Tier 1,Final,2,5,EHU,Edinburgh Univ,"Matthew Christie, Oliver Wilkes, Calum Irvine, Rufus Scholefield"
104,Coxless Fours Tier 1,Final,3,6,LRC (A),London RC,"Matthew Cummings, Nicholas Parnell, Stephen Griffiths, Dominic Parnell"
104,Coxless Fours Tier 1,Final,4,4,LEA (A),Lea RC,"Alex Wildy, Tobias Perren, Toby Dixon, Jonathan Daniels"
104,Coxless Fours Tier 1,Final,5,3,TSS (A),Tideway Sc Sch,"Nathan O'Reilly, Murray Wilkojc, William Fields, Lloyd Seaman"
104,Coxless Fours Tier 1,Final,6,2,QBC,Quintin BC,"Mark Chatwin, Robert Williams, Alexander Miller, Max Murdock"
105,Women's Double Sculls Tier 2,Final,1,7,ASL,American Sch,"Grace Bake, Sarah Brunsberg"
105,Women's Double Sculls Tier 2,Final,2,5,OUW,Oxford UWBC,"Chloe Laverack, Jenna Hebert"
105,Women's Double Sculls Tier 2,Final,3,3,RDU,Reading Univ,"Anna Smart, Katy Ratcliffe"
105,Women's Double Sculls Tier 2,Final,4,6,OXB,Oxford Brookes,"Jessica Brown, Emily Green"
105,Women's Double Sculls Tier 2,Final,5,2,LER,Leicester RC,"Aoife Holohan, Louise TORT"
105,Women's Double Sculls Tier 2,Final,7,4,SAA,Star & Arrow,"Kesiah Roe, Saskia Devereux"
106,Women's SIngle Sculls Tier 3,Final,1,6,BAU,Bath Univ,Steph Clutterbuck
106,Women's SIngle Sculls Tier 3,Final,2,7,WRC,Wallingford RC,Sarah Bowyer
106,Women's SIngle Sculls Tier 3,Final,3,4,LER,Leicester RC,Sophie Connolly
106,Women's SIngle Sculls Tier 3,Final,4,5,WAD,Wadham Coll,Stephanie Hall
106,Women's SIngle Sculls Tier 3,Final,5,3,TSS,Tideway Sc Sch,Gabby Cutler
250,SIngle Sculls Tier 1,Heat 2,1,6,NRC,Nottingham RC,Jonathan Stimpson
250,SIngle Sculls Tier 1,Heat 2,2,2,AGE,Agecroft RC,Matt Jenner
250,SIngle Sculls Tier 1,Heat 2,3,1,BAU,Bath Univ,Nick Bell
250,SIngle Sculls Tier 1,Heat 2,4,5,TSS,Tideway Sc Sch,James Dunley
250,SIngle Sculls Tier 1,Heat 2,5,7,UTC,Upper Thames RC,Thomas Carter
250,SIngle Sculls Tier 1,Heat 2,6,4,QBC,Quintin BC,Jonathan Brown
251,SIngle Sculls Tier 1,Heat 3,1,6,OUB,Oxford Univ,Matthew O'Leary
251,SIngle Sculls Tier 1,Heat 3,2,5,DUB,Durham Univ,Hugo Coussens
251,SIngle Sculls Tier 1,Heat 3,3,2,TSS,Tideway Sc Sch,Niall Kenny
251,SIngle Sculls Tier 1,Heat 3,4,3,ZDJ,Castleconnell Boat Club,Fionnan Crowley
251,SIngle Sculls Tier 1,Heat 3,5,4,BIR,Birmingham,Steven Byford
251,SIngle Sculls Tier 1,Heat 3,6,1,ZSN,University Coll Cork RC,Ronan Byrne
