Race No,Event Name,Race Type,Position,Lane Number,Club Code,Club Name,Crew List
1,Eights Tier 2,Heat 1,1,5,SAA,Star & Arrow,"Tom Wiblin, Patrick George, Harry Higginbottom, James Fox, Jonathan Cameron, Callum Johnson, Chris Ray, Bertie Woodward-Fisher, [Cox] Samuel Royston"
1,Eights Tier 2,Heat 1,2,1,AGE (A),Agecroft RC,"Andrew Thomas, Tristan Hollis, Thomas Buckley, Rory O'Neill, Sean Szekely, John Ford, Benedict Adey-Johnson, Jack Roe, [Cox] Lucy Masters"
1,Eights Tier 2,Heat 1,3,3,TRC (B),Thames RC,"Simon Moss, Joe Abdalla, Nicholas Pusinelli, Andrew Gordon, Charlie Bouch, Sam Thornton, Huw Jones, Sebastien Tyrie, [Cox] Emily Burge"
1,Eights Tier 2,Heat 1,4,2,HAM (B),Hampton Sch,"Matthew Hamilton, Matthew Turner, Tom Davis, Rory Gilligan, Edward Butler, Thomas Worthington, Tom Cross, Piero Ladhur, [Cox] Charlie Marcus"
1,Eights Tier 2,Heat 1,5,7,ZDU (A),Dublin University BC,"Lucas Prodohl, Brian Cronin, Sean Canning, William Eddershaw, Matthew Mitchell, Willian Doyle, Adam Browne, Mark Quigely, [Cox] Ciara Sheehan"
1,Eights Tier 2,Heat 1,6,4,LRC (B),London RC,"Will Golding, Christopher Linn, Joshua Scott Meredith, Aidan O' Flaherty, Edward Sandhu, Nick Adams, George Trelawny, Rory Corbett, [Cox] Charlotte Fuscone"
1,Eights Tier 2,Heat 1,7,6,VRC (A),Vesta RC,"Sven Radcke, Oliver Lumley, Michael Warren, Giovanni Galavotti, Christopher Clements, Henry Primarolo, Robert Donald, William Pearson, [Cox] Chloe Ramambason"
2,Eights Tier 2,Heat 2,1,3,ETN (A),Eton Coll,"Charles Pearson, Alexander Boardman, Francis Baring, Noah Norman, Patrick Adams, Felix Drinkall, Oscar Carr-Middleton, Max Ridgewell, [Cox] George Cozens"
2,Eights Tier 2,Heat 2,2,6,RAD (A),Radley Coll,"Freddie Corner, Freddie Elwes, Max Dunlap, William Heagerty, Luke Miles, Archie McChesney, Max Senior, Edward Rae Smith, [Cox] Matthew Dawson"
2,Eights Tier 2,Heat 2,3,2,TSS,Tideway Sc Sch,"Rob Hogan, Sean Blake, Robert Muscroft, Lewis Van Diggele, Robert Hodgson, Samuel Anderson, Edward Beckett, Kieran Brown, [Cox] Ruaridh MacPhee"
2,Eights Tier 2,Heat 2,4,7,UTC,Upper Thames RC,"Christopher Lowe, Daniel Shoobridge, Peter Holloway, James Kirkbride, Dan Bowen, Will Shrieve, Michael Broom, Andy Ciecierski, [Cox] Beatrice Searle"
2,Eights Tier 2,Heat 2,5,5,CUR (B),Curlew RC,"John Stewart, Angus Wilson, Lukas Schmidt, Callum Stayton, Eoghan Beamish, Alexander James Parsons-Mills, T Weekes, Matthew Richardson, [Cox] Nicola Freeman"
2,Eights Tier 2,Heat 2,6,1,ETN (A),Eton Coll,"Oliver Brufal de Melgarejo, Adam Mombru, Batu Yuceman, Kuttel Rorke, Theodore Hall, Alex Rusis, Aubrey Warley, Richard Taylor, [Cox] Edward Bracey"
2,Eights Tier 2,Heat 2,7,4,HAM (C),Hampton Sch,"Henry McLeod, Harry O'Loughlin, Harry Fieldhouse, Henry Cockett, Bill Downey, Oliver Bridge, Oli Woodall, Benjamin Andrews, [Cox] Joe Gellett"
3,Eights Tier 4,Heat 1,1,6,RCH (A),Royal Chester,"Fraser Morgan, Henry William McGarva, Peter Dean, Daniel Weatherly, Harrison Hunter, Thomas Rushton, Alexander Constantinou, John Hedley McGarva, [Cox] Abigail Sanders"
3,Eights Tier 4,Heat 1,2,2,LEE (A),Leeds RC,"Androioannis Lorentzatos, Mark Tarrant, Lewis Marston, Conor Vincent, James Tipper, Daniel Humphrey, Vasileios Athanasiadis, Theodosios Travlos, [Cox] Jasmine Jones"
3,Eights Tier 4,Heat 1,3,4,DUB,Durham Univ,"Matthew Roe, Harry Cox, Lachie Ives, George Cansdale, Lloyd Barron-Robinson, Christian Palmer, Lucas Rodd, Benjamin Evans, [Cox] Fiona Hardyman"
3,Eights Tier 4,Heat 1,4,1,UBR (B),Bristol Univ,"Gareth Davies, Tom Sykes, William Feakes, Charlie Baker, Alasdair Knight, Tom Watkinson, Morgan Gray, Marcus Smith, [Cox] Alicia Hardy"
3,Eights Tier 4,Heat 1,5,3,VRC (C),Vesta RC,"Robert Alexander, Christian Green, Joseph Casey, Rory Baggott, Alexander KÃ¼ng, James Cox, Laurence Hookway, Oliver Chapman, [Cox] Chloe Ramambason"
3,Eights Tier 4,Heat 1,6,5,ZDU (B),Dublin University BC,"Paulus Heemskerk, Ross Layden, John Taaffe, Hugh Lohan, Constantine Knauer, Brian Egan, Andrew Burgess, Gavin Moore, [Cox] Hannah Colgan"
4,Eights Tier 4,Heat 2,1,6,JEO,Jesus Coll Oxf,"John Gardner, Iolo Jones, Robert Strachan, Hugo Markland, Thomas de Sousa, Keir Bowater, Andrew Everall, Tom Commins, [Cox] Iona Gilby"
4,Eights Tier 4,Heat 2,2,5,NRC,Nottingham RC,"Hamish Hughes, Toby Piggott, Matthew Bowles, Adam Wright, George Rymell, Stephen Bennett, Ben Farrell, James Doleman, [Cox] Sophie Jones"
4,Eights Tier 4,Heat 2,3,2,EXU (B),Exeter Univ,"Fergus Shegog, Cameron Murray, Ben Shaw, James Manton, James Shaw, John Hunt, Angus Irvine, Charles Scott, [Cox] Edward Mills"
4,Eights Tier 4,Heat 2,4,1,NOR (A),Norwich RC,"Oliver Roe, Ed English, Oli Tyler, Carey Pearson, Carl Shiplee, Jake Kattenhorn Black, Toby Trett, Oliver Negus, [Cox] Darwin Columbus Friend"
4,Eights Tier 4,Heat 2,5,4,EXU (A),Exeter Univ,"Edward Pountney, Benjamin Sherry, Rhys Powell, John Adams, Matthew Bladen, Thomas Richards, Michael de Winton, Jack Marcus, [Cox] Rossana Wing"
4,Eights Tier 4,Heat 2,6,3,MAR (B),Marlow RC,"Matthew Smith, James Busby, Mark Ruinet, Christopher Renwick, Kingsley McDiarmid, Thomas Rendell, David Brindle, Timothy Mitchell, [Cox] Claudia Russell"
5,Coxed Fours Tier 5,Heat 1,1,4,AGE (A),Agecroft RC,"Adam Godfrey, David Bentham, Nick Morrey, Oliver Uttley, [Cox] Annabel Pooley"
5,Coxed Fours Tier 5,Heat 1,2,7,GLU,Glasgow Univ,"Morgan Serpell, Calum Sinclair, Iain Mclaughlin, Gerard Gallagher, [Cox] Rebecca Vest"
5,Coxed Fours Tier 5,Heat 1,3,5,WAR,Warwick BC,"Andrew Collett, Michael Hourigan, Patrick Hourigan, Philip Tonkin, [Cox] Samantha Wesley"
5,Coxed Fours Tier 5,Heat 1,4,6,EXU,Exeter Univ,"Tristan Taylor, Nicholas Mathers, John Peterson, Carl Lofthagen, [Cox] Sophie Wrixon"
5,Coxed Fours Tier 5,Heat 1,5,2,AKN,Auriol Ken,"Juan Aponte, Stuart Watts, James Kirkbride, Joshua Herridge, [Cox] William Lewis"
5,Coxed Fours Tier 5,Heat 1,6,3,TRC (B),Thames RC,"Jonathan Campbell, Edward Lewis-Parry, Tom Bradshaw, Tom Roberts, [Cox] Ricardo Le"
5,Coxed Fours Tier 5,Heat 1,7,1,CFU (A),Cardiff Univ,"James Dennis, Nicholas Garraway, Christopher Woolley, Dominic O'Malley, [Cox] Emma Fitzpatrick"
6,Coxed Fours Tier 5,Heat 2,1,4,CNN,Cambridge 99,"Edward Gardiner, Dominic Bennett, Nicholas Thorn, Helge Dietert, [Cox] Lily Chan"
6,Coxed Fours Tier 5,Heat 2,2,6,BOU,Bournemouth Un,"Liam Steele, Jacob Manson, James Lambton-Heys, Gian-Luc Angiolini, [Cox] Laura Sutton"
6,Coxed Fours Tier 5,Heat 2,3,3,RCH,Royal Chester,"Matthew Webb, David Barstow, Harry Ballard, Jonathan Jamshed, [Cox] Jessica Bromley"
6,Coxed Fours Tier 5,Heat 2,4,2,UWE,W England Univ,"Toby Graham, Ryan Whitson-Fay, Ethan Clark, James Roch, [Cox] Freya Jennings"
6,Coxed Fours Tier 5,Heat 2,5,7,ZDU (B),Dublin University BC,"Daniel Dennis, Ryan Dullaghan, Mark Connolly, Donal O'Shea, [Cox] Arne Philipeit"
6,Coxed Fours Tier 5,Heat 2,6,5,CFU (B),Cardiff Univ,"Harry Neame, Sam Davenport, George Webb, Christopher Blenkharn, [Cox] Isobel Fish"
6,Coxed Fours Tier 5,Heat 2,7,1,IMP (B),Imperial Coll,"Dmitrii Usynin, James Wilson, Joe Hansard, Sarunas Driezis, [Cox] Catherine Bowden"
7,Coxed Fours Tier 3,Heat 1,1,5,DUB (B),Durham Univ,"Chris Rimmer, Joseph Johansen, Patrick Kinch, James Vogel, [Cox] Benjamin Rich"
7,Coxed Fours Tier 3,Heat 1,2,6,SUA (A),Stratford Avon,"Edward Lewry, Thomas Coles, Ben Twiney, Christopher Thomas, [Cox] Eleanor Willetts"
7,Coxed Fours Tier 3,Heat 1,3,2,ZNU (C),NUI Galway BC,"Donal Coen, Eoghan Walls-Tuite, Brian Keane, Jack Kilduff, [Cox] Johanna Walsh"
7,Coxed Fours Tier 3,Heat 1,4,1,UCL (B),UC London,"Rory Dawson, Sachin Turakhia, Maximilian Hess, Jaime San Miguel Navas, [Cox] Sean Cannon"
7,Coxed Fours Tier 3,Heat 1,5,3,COX,Oxford City,"Edward Podgorski, Stewart Elliston, Simon Kirk, Thomas Briggs, [Cox] Kirstin Anderson"
7,Coxed Fours Tier 3,Heat 1,6,4,UCL (A),UC London,"Shay Sharma, Theodore Fawcett, Joris Simaitis, Freddie Dewey, [Cox] Florence Beard"
8,Coxed Fours Tier 3,Heat 2,1,1,DUB (A),Durham Univ,"Max Robinson, Oscar Lindsay, Danylo Gorenkin, Leon Langmead, [Cox] Eleanor Robson"
8,Coxed Fours Tier 3,Heat 2,2,2,ZCK,Cork BC,"Tomas Power, Sean O'Sullivan, Joe Kearney, Neil McCarthy, [Cox] Siobhan Egan"
8,Coxed Fours Tier 3,Heat 2,3,7,ZNU (F),NUI Galway BC,"Baptiste Guerinot, Gerry Mannion, Alex Chadfield, Kai McGlacken, [Cox] Shannon Sheridian"
8,Coxed Fours Tier 3,Heat 2,4,4,QBC,Quintin BC,"Harrison Oliva, Paul Knoops, Samuel Gunning, Henry Robins, [Cox] Hazel Wilson"
8,Coxed Fours Tier 3,Heat 2,5,6,KRC (B),Kingston RC,"Simon Chaing, Edward Davies, Craig Horsford, Tom Rimmer, [Cox] Zara Scott"
8,Coxed Fours Tier 3,Heat 2,6,5,VRC (A),Vesta RC,"Sebastian Wachholz, Luca Turner, Christopher Goodfellow, Alan Hunton, [Cox] Nicola Sani"
8,Coxed Fours Tier 3,Heat 2,7,3,PTR (B),Putney Town,"Rory Keith, James Percival, Jonathan Fisher, James Diserens, [Cox] Ruth Bloxam"
9,Coxless Fours Tier 5,Heat 1,1,3,RAM,Radley Mariners,"R Gearing, Finlay Gronmark, Alexander Richardson, T Gearing"
9,Coxless Fours Tier 5,Heat 1,2,5,CFC (A),Cardiff City RC,"Shane Ahearne, Matthew Nicholls, Rhys Paul, Adrien Grubb"
9,Coxless Fours Tier 5,Heat 1,3,2,LLA,Llandaff RC,"Edward Lewis, Alexander Lawrence, Matthew Virden, Steffan Evans"
9,Coxless Fours Tier 5,Heat 1,4,6,TYN (B),Tyne RC,"Joshua Bate, Michael Dodds, Peter Storey, George Starr"
10,Coxless Fours Tier 5,Heat 2,1,2,TYN (A),Tyne RC,"Serkan Turkmen, A J Musgrave, Danny Hunter, Henry Galbraith"
10,Coxless Fours Tier 5,Heat 2,2,5,DAT,Dart Totnes ARC,"Harry Walker, Matthew Heming, Tom Walton, Harrison Skinner"
10,Coxless Fours Tier 5,Heat 2,3,3,CNN,Cambridge 99,"Nathan Ryan, Friso van Gent, Robert Sargent, Rhidian Maltby"
10,Coxless Fours Tier 5,Heat 2,4,6,CSH,Sheffield City,"Piers Turnbull, Simon Coyne, Mark Burrell, Michael Luckham"
10,Coxless Fours Tier 5,Heat 2,5,4,BRI (A),Bridgnorth RC,"Daryl Breakwell, Richard Pilsbury, Stuart Round, Nick McNeil"
10,Coxless Fours Tier 5,Heat 2,6,1,AKN (B),Auriol Ken,"Yevgen Fesenko, Matt Hargraves, Sean Holohan, Samuel Whitehead"
11,Coxless Fours Championship,Heat 1,1,7,LRC (A),London RC,"Matthew Cummings, Nicholas Parnell, Stephen Griffiths, Dominic Parnell"
11,Coxless Fours Championship,Heat 1,2,1,ZNU (B),NUI Galway BC,"Liam Keane, Mantis Pukelis, Kevin Nevile, Richard Bennett"
11,Coxless Fours Championship,Heat 1,3,6,MBC (A),Molesey BC,"Sam Tuck, Benjamin Witting, Jens Clausen, Lewis Moran"
11,Coxless Fours Championship,Heat 1,4,4,TSS (A),Tideway Sc Sch,"Nathan O'Reilly, Murray Wilkojc, William Fields, Lloyd Seaman"
11,Coxless Fours Championship,Heat 1,5,3,LEA (B),Lea RC,"Alex Wildy, Tobias Perren, Toby Dixon, Jonathan Daniels"
11,Coxless Fours Championship,Heat 1,6,5,QBC,Quintin BC,"Mark Chatwin, Robert Williams, Alexander Miller, Max Murdock"
11,Coxless Fours Championship,Heat 1,7,2,COX (B),Oxford City,"Lucian Purvis, James Green, Toby Seely, Henry Drohan"
12,Coxless Fours Championship,Heat 2,1,2,LDR (A),Leander Club,"Barnaby Stentiford, Finn Stevenson, Sam Twine, George Rossiter"
12,Coxless Fours Championship,Heat 2,2,3,EHU,Edinburgh Univ,"Matthew Christie, Oliver Wilkes, Calum Irvine, Rufus Scholefield"
12,Coxless Fours Championship,Heat 2,3,5,SIP,Sport Imperial,"Matthew Pointing, Joshua Butler, Sam Butler, Matthew Whaley"
12,Coxless Fours Championship,Heat 2,4,4,TRC,Thames RC,"James Palmer, William Downey, Luke Wertheim, Harry Dorrance-King"
12,Coxless Fours Championship,Heat 2,5,6,KRC,Kingston RC,"Fred Isaac, Mark Roberts, John Keen-Tomlinson, John Ciccarelli"
12,Coxless Fours Championship,Heat 2,6,1,ZUC,University Coll Cork RC,"David Synnott, David Keohane, Thomas Higgins, Steven Murphy"
13,Women's Coxless Pairs Tier 2,Heat 1,1,2,LEH,Lady E Holles,"Catherine King, Gemma King"
13,Women's Coxless Pairs Tier 2,Heat 1,2,4,ZNU (B),NUI Galway BC,"Nuala Landers, Alison Mooney"
13,Women's Coxless Pairs Tier 2,Heat 1,3,1,ZNU (A),NUI Galway BC,"Georgina Deane, Sadhbh O'Connor"
13,Women's Coxless Pairs Tier 2,Heat 1,4,5,LEA (A),Lea RC,"Bridget Snaith, Amanda Benson-Skailes"
13,Women's Coxless Pairs Tier 2,Heat 1,5,3,COX (A),Oxford City,"Stacey Crocker, Caitlin Barry"
13,Women's Coxless Pairs Tier 2,Heat 1,6,6,DUB (C),Durham Univ,"Tessa van Veen, Maya Nickituk"
14,Women's Coxless Pairs Tier 2,Heat 2,1,4,TRC (B),Thames RC,"Eleanor Garratt-Smith, Lowenna Coad"
14,Women's Coxless Pairs Tier 2,Heat 2,2,3,VRC,Vesta RC,"Robyn McGregor-Ritchie, Ruth McKellar"
14,Women's Coxless Pairs Tier 2,Heat 2,3,1,LEA (C),Lea RC,"Rachel Lund, Valentina Futoryanova"
14,Women's Coxless Pairs Tier 2,Heat 2,4,6,ZNU (D),NUI Galway BC,"Sarah Blaney, Alannah Leonard"
14,Women's Coxless Pairs Tier 2,Heat 2,5,2,ZNU (C),NUI Galway BC,"Susan Kennelly, Aisling Cahill"
14,Women's Coxless Pairs Tier 2,Heat 2,6,5,OLW (B),Oxford ULWRC,"Hannah Patel, Maline Meiske"
15,Women's Eights Tier 2,Heat 1,1,3,STN,Staines BC,"Suzanne Cole, Georgina Watling, Rachel Brown, Claire Couves, Sophie Richards, Catherine Long, Maddison Shoolbread, Emma Corless, [Cox] Anna Cackett"
15,Women's Eights Tier 2,Heat 1,2,4,YRK,York City RC,"Louise Hawkyard, Helen Waller, Jessica Pidgeon, Amy Newton, Edith Bourne, Rachel Witherick, Michelle Alexander, Joselyn Rankin, [Cox] Tabatha Cole"
15,Women's Eights Tier 2,Heat 1,3,2,CUR,Curlew RC,"Rebecca Jackson, Inga Jirgensone, Lianne Abbott, Anna Palsdottir, Claire Williams, Gemma Barker, Charlotte Waghorne, Jessica Phillips, [Cox] Alexander Smith"
15,Women's Eights Tier 2,Heat 1,4,6,CBR (A),Bristol City,"Caitlin Bloom, Rebecca Perkins, Sofia Deambrosi, Emma Bawden, Lauren O'Neill, Jenny Chapman, Chloe Farrar, Rachel Wilson, [Cox] Isobel Stone"
15,Women's Eights Tier 2,Heat 1,5,1,AKN (A),Auriol Ken,"Anne Schieck, Marianna Raffaele, Mateja Sborchia, Kathleen Cyr, Kirsty Page, Amanda Piggot, Sophie Lovett, Catherine Edwards, [Cox] Isy Marshall"
15,Women's Eights Tier 2,Heat 1,6,5,ZDT (C),Dublin U Ladies,"Ruthie McHugh, Jane Hogg, Aideen Fay, Aoife McGranaghan, Molly Brennan, Gabriele Gusciute, Anna Mangan, Ellen Murphy, [Cox] Clare White"
16,Women's Eights Tier 2,Heat 2,1,6,ZDT (B),Dublin U Ladies,"Nora Fisher, Sarah Kelly, Aoife Corcoran, Caoimhe Dempsey, Aoife Byrne, Gemma Foley, Laura Walsh, Sarah Higgins, [Cox] Aoife Reid"
16,Women's Eights Tier 2,Heat 2,2,3,VRC (A),Vesta RC,"Cameo Choquer, Victoria Carroll, Fiona Robinson, Cherry Fermor, Hannah Futter, Clare Wood, Fiona Palamarczuk, Kirsty McGregor-Ritchie, [Cox] Lauren Hardcastle"
16,Women's Eights Tier 2,Heat 2,3,4,COX (B),Oxford City,"Caroline Barnes, Isobel Diment, Emily Lyons, Ella Cope, Tabitha Peel, Jodie Buswell, Gwenn-AÃ«l CarrÃ©, Naomi Sharma, [Cox] Dhaval Desai"
16,Women's Eights Tier 2,Heat 2,4,5,UBR (B),Bristol Univ,"Lily Donovan, Sophie Angel, Maddie Sanders, Rosie Watkins, Madeleine Jannoe, Grace Ward-Allen, Catherine Nohre, Charlotte Marshall, [Cox] Caroline Welsh"
16,Women's Eights Tier 2,Heat 2,5,2,TRC (B),Thames RC,"Robyn Carter, Louisa Horton, Jennifer O'Boyle, Lucy Nee, Sophie Jenkins, Bryony Spottiswoode, Charlotte Potter, Eleanor Roberts, [Cox] Alastair Jackson"
17,Women's Coxed Fours Tier 3,Heat 1,1,5,LLA,Llandaff RC,"Catherine Raine, Grace Mahony, Emily Brace, Suzanne Erith, [Cox] Richard Summers"
17,Women's Coxed Fours Tier 3,Heat 1,2,4,GRO,Grosvenor RC,"Siobhan Barnard, Laura Champion, Jessica Hulson, Jess Fitzpatrick, [Cox] Elizabeth Williams"
17,Women's Coxed Fours Tier 3,Heat 1,3,6,ZGY (A),Galway RC,"Kellie Wade, Femhe Caffrey, Claire Elwood, Fiona Murtagh, [Cox] Sarah Lynch"
17,Women's Coxed Fours Tier 3,Heat 1,4,1,TRC (A),Thames RC,"Jennifer Pollard, Hayley Pullin, Rebecca Angwin, Sarah Newton, [Cox] Eleanor-Jayne Conway"
17,Women's Coxed Fours Tier 3,Heat 1,5,3,DUB (B),Durham Univ,"Alicia Schwarzenbach, Eva Siwiak-Jaszek, Megan Connolly, Harriet Watson, [Cox] Zoe Evans"
17,Women's Coxed Fours Tier 3,Heat 1,6,2,ZDT (B),Dublin U Ladies,"Sophie Cairns, Ciara Kiely, Saidhbhe Casey, Brona Murphy, [Cox] Clare White"
18,Women's Coxed Fours Tier 3,Heat 2,1,1,PTR (B),Putney Town,"Rachel Dean, Deborah Oakley, Catriona Docherty, Sophie Bluff, [Cox] Heather Longstaff"
18,Women's Coxed Fours Tier 3,Heat 2,2,2,LEE (A),Leeds RC,"Jessica Brush, Charlotte Milligan, Ella Sadler-Andrews, Emily Holt, [Cox] Harin Wijayathunga"
18,Women's Coxed Fours Tier 3,Heat 2,3,7,TSS (A),Tideway Sc Sch,"Jennifer Scrine, Rachel Scanlan, Kate Thorne, Katya De Gentile-Williams, [Cox] Jessica Saunders"
18,Women's Coxed Fours Tier 3,Heat 2,4,6,ZNU (B),NUI Galway BC,"Aisling Nolan, Ailbhe NÃ- Griofa, Sorcha O'Donnell, Shannon Sheridian, [Cox] Johanna Walsh"
18,Women's Coxed Fours Tier 3,Heat 2,5,3,ZDT (A),Dublin U Ladies,"Susie O' Neill, Ellen Clohessy, Maria Kennedy, Aine Kennedy, [Cox] Aoife Reid"
18,Women's Coxed Fours Tier 3,Heat 2,6,4,EXU,Exeter Univ,"Sophie Taylor, Amy Louise Ward, Caitlin Kickham, Emily Batchelor, [Cox] Sophie Wrixon"
18,Women's Coxed Fours Tier 3,Heat 2,7,5,NEW,Newcastle Univ,"Christina Castledine, Charlotte Penrose, Victoria Chamberlain, Kathleen Blake, [Cox] Sophie Grisewood"
19,Quad Sculls Tier 2,Final,1,6,MBC,Molesey BC,"Dominic Jackson, Dave Bell, Cormac Molloy, Rory Harris"
19,Quad Sculls Tier 2,Final,2,2,ZCD/ ZCR/ ZFS,University Coll Dublin RC/ Com.,"Jake McCarthy (ZFS), Shane O'Connell (ZCD), Andrew Goff (ZCD), Niall Beggan (ZCR)"
19,Quad Sculls Tier 2,Final,3,3,RDU (A),Reading Univ,"Robert McPherson, Simon Williamson, Franklin Hamilton, Christian Dove"
19,Quad Sculls Tier 2,Final,4,4,LDR,Leander Club,"Thomas Placidi, Cameron Forsythe, Tom Ballinger, Robby Crowther"
19,Quad Sculls Tier 2,Final,5,1,RDG (A),Reading RC,"Richard Laney, Will Robinson, Nicholas Musson, Nick Brown"
20,Coxless Fours Tier 3,Heat 1,1,2,NOW (B),Northwich RC,"Joseph Anderson, Finnian Lawton, Harry Taylor, George Lawton"
20,Coxless Fours Tier 3,Heat 1,2,7,MHD,Maidenhead RC,"Robert Smith, William Cranston, Tim Wallis-Caddell, Ross McCoriston"
20,Coxless Fours Tier 3,Heat 1,3,6,RDG (B),Reading RC,"Gareth Williams, S Clarke, Robert Leech, Charlie Newbould"
20,Coxless Fours Tier 3,Heat 1,4,3,YRK (B),York City RC,"Patrick Evans, Andrew Wilkinson, Daniel Lewis, Benjamin Bollans"
20,Coxless Fours Tier 3,Heat 1,5,5,MBC (C),Molesey BC,"Ashley Cowley, Cledwyn Ellison, William Hetherington, James Phillips"
20,Coxless Fours Tier 3,Heat 1,6,1,AKN (A),Auriol Ken,"James Dickinson, Cameron Graham, Sebastian Frechtling, Mark Mearing-Smith"
20,Coxless Fours Tier 3,Heat 1,7,4,CBS,Cambois RC,"Jamie Young, Lee McCarron, Richard Fergie, Jamie McCarron"
21,Coxless Fours Tier 3,Heat 2,1,4,CBR (B),Bristol City,"Cameron Smith, James Wadsworth, Will Japp, Edward Piercy"
21,Coxless Fours Tier 3,Heat 2,2,2,CUR (A),Curlew RC,"Connor Austin, Toby Churchus, Alexander Gibbons, Michael Scott"
21,Coxless Fours Tier 3,Heat 2,3,7,MBC (B),Molesey BC,"Robin Mould, Aaron Wilkins, Adam Heayberd, William Johnston"
21,Coxless Fours Tier 3,Heat 2,4,1,TSS (B),Tideway Sc Sch,"Tom Jenkins, Paul Bruce, Dimeji Ogunyoye, James Budenberg"
21,Coxless Fours Tier 3,Heat 2,5,3,SUA (B),Stratford Avon,"Harpreet Mander, Oliver Smith, Benjamin Smith, Alastair Collier"
21,Coxless Fours Tier 3,Heat 2,6,5,RDG (D),Reading RC,"Luke Grundy, Henry Stevens, James Batchelor, Michael Croll"
21,Coxless Fours Tier 3,Heat 2,7,6,PTR (B),Putney Town,"Ewan Maddock, Cyrille Martin, Phillip Pollard, Samuel Russell"
22,Single Sculls Tier 4,Heat 1,1,3,IEL,Isle of Ely RC,George Bourne
22,Single Sculls Tier 4,Heat 1,2,5,ZCK,Cork BC,Barry O'Flynn
22,Single Sculls Tier 4,Heat 1,3,6,PMB,Pembroke Oxford,Edward Rolls
22,Single Sculls Tier 4,Heat 1,4,4,ZCK,Cork BC,Cian O'Sullivan
23,Single Sculls Tier 4,Heat 2,1,2,RDU,Reading Univ,Luke Reiser
23,Single Sculls Tier 4,Heat 2,2,5,MBC,Molesey BC,Sylvain Boyer
23,Single Sculls Tier 4,Heat 2,3,6,UTC,Upper Thames RC,Robert Moles
23,Single Sculls Tier 4,Heat 2,4,4,MBC,Molesey BC,Duncan McLellan
23,Single Sculls Tier 4,Heat 2,5,3,UTC,Upper Thames RC,Tim Senior
24,Women's Single Sculls Tier 4,Heat 1,1,7,TSS,Tideway Sc Sch,Gabby Cutler
24,Women's Single Sculls Tier 4,Heat 1,2,5,GRF,Greenbank,Sarah E Lewis
24,Women's Single Sculls Tier 4,Heat 1,3,4,ZQL,Queens U Ladies,Olivia Blundell
24,Women's Single Sculls Tier 4,Heat 1,4,3,CNN,Cambridge 99,Catherine Watson
24,Women's Single Sculls Tier 4,Heat 1,5,6,NRC,Nottingham RC,Fleur TavarÃ©
24,Women's Single Sculls Tier 4,Heat 1,6,2,WRR,Worcester RC,Eloise Foulds
24,Women's Single Sculls Tier 4,Heat 1,8,1,SPG,St Paul's Girls,Lucinda Douse
25,Women's Single Sculls Tier 4,Heat 2,1,4,BAU,Bath Univ,Laura Macro
25,Women's Single Sculls Tier 4,Heat 2,2,2,GRO,Grosvenor RC,Lucy Iball
25,Women's Single Sculls Tier 4,Heat 2,3,1,GHP,Glos Hartpury,Bryony Lawrence
25,Women's Single Sculls Tier 4,Heat 2,4,3,UBR,Bristol Univ,Teuntje Tijssen
25,Women's Single Sculls Tier 4,Heat 2,5,7,ZNU,NUI Galway BC,Ellen Ormsby
25,Women's Single Sculls Tier 4,Heat 2,6,6,GLW,Glasgow RC,Robyn Brogan
25,Women's Single Sculls Tier 4,Heat 2,7,5,TNT,1927 BC,Sarah Harbour
26,Women's Double Sculls Tier 3,Heat 1,1,2,TSS (C),Tideway Sc Sch,"Thea Adamson, Elizabeth Williams"
26,Women's Double Sculls Tier 3,Heat 1,2,5,IMP,Imperial Coll,"Jowita Mieszkowska, Kathryn Barnhill"
26,Women's Double Sculls Tier 3,Heat 1,3,3,BAU,Bath Univ,"Megan Stoker, Carlotta Broglia"
26,Women's Double Sculls Tier 3,Heat 1,4,4,NEW,Newcastle Univ,"Elvira Drummond, Sofia Turner"
26,Women's Double Sculls Tier 3,Heat 1,5,6,ARD,Ardingly RC,"Hope Warren, Caroline Reed"
26,Women's Double Sculls Tier 3,Heat 1,6,1,PTR,Putney Town,"Karen Shepherd, Cecile Auty-Jacklin"
27,Women's Double Sculls Tier 2,Heat 2,1,6,LER,Leicester RC,"Aoife Holohan, Louise TORT"
27,Women's Double Sculls Tier 2,Heat 2,2,5,MBC (A),Molesey BC,"Hannah Foxley, Marie Grant"
27,Women's Double Sculls Tier 2,Heat 2,3,3,UBI,Birmingham Univ,"Isobel Haig, Emily Hutchinson"
27,Women's Double Sculls Tier 2,Heat 2,4,1,WRR,Worcester RC,"Lucy Powell, Megan Price"
27,Women's Double Sculls Tier 2,Heat 2,5,2,AGE,Agecroft RC,"Lauren Barclay, Jessica Swindells"
27,Women's Double Sculls Tier 2,Heat 2,6,4,CFC (B),Cardiff City RC,"Victoria Self, Carmen Bedford"
28,Lightweight Single Sculls,Heat 1,1,3,LDR,Leander Club,Jonathan Jackson
28,Lightweight Single Sculls,Heat 1,2,4,CNN,Cambridge 99,Henk-Jaap Wagenaar
28,Lightweight Single Sculls,Heat 1,3,6,ZNU,NUI Galway BC,Tom Dillon
28,Lightweight Single Sculls,Heat 1,4,5,SCU,Strathclyde U,Ben Parsonage
29,Lightweight Single Sculls,Heat 2,1,2,ZQU,Queens Belfast,Miles Taylor
29,Lightweight Single Sculls,Heat 2,2,4,CHR,Christchurch RC,Joseph Livy
29,Lightweight Single Sculls,Heat 2,3,5,TRC,Thames RC,Philip Lee
29,Lightweight Single Sculls,Heat 2,4,3,EAR,Earith SC,Alexander Carter
30,Single Sculls Tier 2,Final,1,2,IMP,Imperial Coll,Harry Uglow
30,Single Sculls Tier 2,Final,2,6,WBS,Windsor Boys,Sam Bodkin
30,Single Sculls Tier 2,Final,3,1,BRX,Broxbourne RC,Matthew Day
30,Single Sculls Tier 2,Final,4,5,UTC,Upper Thames RC,Thomas Carter
30,Single Sculls Tier 2,Final,5,4,BAU,Bath Univ,Thomas Stace
30,Single Sculls Tier 2,Final,6,3,TSS,Tideway Sc Sch,Jack Keech
31,Women's Quad Sculls Tier 2,Final,1,4,IEL,Isle of Ely RC,"Helena O'Donnell, Rebecca Welch, Kate Lyster, Molly Johnson"
31,Women's Quad Sculls Tier 2,Final,2,2,RDU (A),Reading Univ,"Poppy Durkan, Megan Park, Lucy Ryan, Loretta Grove"
31,Women's Quad Sculls Tier 2,Final,3,7,SPG,St Paul's Girls,"Helen Elizabeth Kirkpatrick, Lara Emma Catherine Valt, Nicola kate Lawless, Aurelia Cowan"
31,Women's Quad Sculls Tier 2,Final,4,5,RDU (B),Reading Univ,"Anna Smart, Maddie Archer, Amy Fuller, Victoria Norton"
31,Women's Quad Sculls Tier 2,Final,5,6,RDU (C),Reading Univ,"Molly Regan, Gina Tarpey, Amber Mayall, Helen Such"
31,Women's Quad Sculls Tier 2,Final,6,1,GUI,Guildford RC,"Jackie Johnson, Emma-Lucy Pinchbeck, Lenka Higley, Annika Gleichmann"
31,Women's Quad Sculls Tier 2,Final,7,3,DUR,Durham ARC,"Elizabeth Law, Taya Parker-Mian, Emma Lyons, Elizabeth Holmes"
32,Women's Coxless Fours Championship,Final,1,6,IMP/ ULO,Imperial Coll/ London Univ,"Alessandra French (ULO), Isobel Powell (IMP), Charlotte Hodgkins-Byrne (ULO), Georgia Statham (ULO)"
32,Women's Coxless Fours Championship,Final,2,1,DUB (A),Durham Univ,"Rebekka Hodson, Helena Barton, Lauren Irwin, Hanna Gailis Inntjore"
32,Women's Coxless Fours Championship,Final,3,5,IMP,Imperial Coll,"Natalie Long, Joanna Thom, Meghann Jackson, Maddalena Ardissino"
32,Women's Coxless Fours Championship,Final,4,3,TSS (B),Tideway Sc Sch,"Rachel Francis, Charlotte Dexter, Rowi Mortimer, Anna Terry"
32,Women's Coxless Fours Championship,Final,5,4,ZCR,Commercial RC,"martina bracken, edel gary, naomi fearon, ruth morris"
32,Women's Coxless Fours Championship,Final,6,7,ZCK,Cork BC,"Frances Judge, Linda Murphy, Grace Collins, Lisa Dilleen"
32,Women's Coxless Fours Championship,Final,7,2,DUB (B),Durham Univ,"Lucinda Ellaway-Bell, Ellen Roberts, Amy Polglase, Helena Louise Lang"
33,Coxed Fours Championship,Final,1,2,IMP (A),Imperial Coll,"Oliver Hines, Tristan Vouilloz, Toby Heaton, Jack Walsh, [Cox] Christopher Au"
33,Coxed Fours Championship,Final,2,1,SAN,St Andrew BC,"Gregor Maxwell, Findlay Ralley, Kieran Tierney, Graham Ord, [Cox] Helena Watson"
33,Coxed Fours Championship,Final,3,6,ZNU (B),NUI Galway BC,"Brion O'Rourke, Eoghan Whittle, Jack Bennett, Oisin Nolan, [Cox] Barry Murphy"
33,Coxed Fours Championship,Final,4,3,ZDU (A),Dublin University BC,"Liam Hawkes, Josh Norton, Liadov Andrej, Patrick Moreau, [Cox] Hamilton Rowan"
33,Coxed Fours Championship,Final,5,5,MBC (A),Molesey BC,"Andy Warren, Rhys Westall, Kenneth Gray, Andrew Turner, [Cox] Jonna de Vries"
33,Coxed Fours Championship,Final,6,4,ZCD,University Coll Dublin RC,"Sam Bolger, Andrew Griffin, Eoin Gleeson, Ross Thompson, [Cox] Orlagh Reid"
34,Eights Tier 2,Final,1,5,ETN (A),Eton Coll,"Charles Pearson, Alexander Boardman, Francis Baring, Noah Norman, Patrick Adams, Felix Drinkall, Oscar Carr-Middleton, Max Ridgewell, [Cox] George Cozens"
34,Eights Tier 2,Final,2,4,SAA,Star & Arrow,"Tom Wiblin, Patrick George, Harry Higginbottom, James Fox, Jonathan Cameron, Callum Johnson, Chris Ray, Bertie Woodward-Fisher, [Cox] Samuel Royston"
34,Eights Tier 2,Final,3,3,RAD (A),Radley Coll,"Freddie Corner, Freddie Elwes, Max Dunlap, William Heagerty, Luke Miles, Archie McChesney, Max Senior, Edward Rae Smith, [Cox] Matthew Dawson"
34,Eights Tier 2,Final,4,2,TRC (B),Thames RC,"Simon Moss, Joe Abdalla, Nicholas Pusinelli, Andrew Gordon, Charlie Bouch, Sam Thornton, Huw Jones, Sebastien Tyrie, [Cox] Emily Burge"
34,Eights Tier 2,Final,5,6,AGE (A),Agecroft RC,"Andrew Thomas, Tristan Hollis, Thomas Buckley, Rory O'Neill, Sean Szekely, John Ford, Benedict Adey-Johnson, Jack Roe, [Cox] Lucy Masters"
34,Eights Tier 2,Final,6,7,TSS,Tideway Sc Sch,"Rob Hogan, Sean Blake, Robert Muscroft, Lewis Van Diggele, Robert Hodgson, Samuel Anderson, Edward Beckett, Kieran Brown, [Cox] Ruaridh MacPhee"
35,Eights Tier 4,Final,1,4,RCH (A),Royal Chester,"Fraser Morgan, Henry William McGarva, Peter Dean, Daniel Weatherly, Harrison Hunter, Thomas Rushton, Alexander Constantinou, John Hedley McGarva, [Cox] Abigail Sanders"
35,Eights Tier 4,Final,2,3,NRC,Nottingham RC,"Hamish Hughes, Toby Piggott, Matthew Bowles, Adam Wright, George Rymell, Stephen Bennett, Ben Farrell, James Doleman, [Cox] Sophie Jones"
35,Eights Tier 4,Final,3,5,JEO,Jesus Coll Oxf,"John Gardner, Iolo Jones, Robert Strachan, Hugo Markland, Thomas de Sousa, Keir Bowater, Andrew Everall, Tom Commins, [Cox] Iona Gilby"
35,Eights Tier 4,Final,4,6,LEE (A),Leeds RC,"Androioannis Lorentzatos, Mark Tarrant, Lewis Marston, Conor Vincent, James Tipper, Daniel Humphrey, Vasileios Athanasiadis, Theodosios Travlos, [Cox] Jasmine Jones"
35,Eights Tier 4,Final,5,7,EXU (B),Exeter Univ,"Fergus Shegog, Cameron Murray, Ben Shaw, James Manton, James Shaw, John Hunt, Angus Irvine, Charles Scott, [Cox] Edward Mills"
35,Eights Tier 4,Final,6,2,DUB,Durham Univ,"Matthew Roe, Harry Cox, Lachie Ives, George Cansdale, Lloyd Barron-Robinson, Christian Palmer, Lucas Rodd, Benjamin Evans, [Cox] Fiona Hardyman"
36,Coxed Fours Tier 3,Final,1,5,DUB (A),Durham Univ,"Max Robinson, Oscar Lindsay, Danylo Gorenkin, Leon Langmead, [Cox] Eleanor Robson"
36,Coxed Fours Tier 3,Final,2,4,DUB (B),Durham Univ,"Chris Rimmer, Joseph Johansen, Patrick Kinch, James Vogel, [Cox] Benjamin Rich"
36,Coxed Fours Tier 3,Final,3,6,SUA (A),Stratford Avon,"Edward Lewry, Thomas Coles, Ben Twiney, Christopher Thomas, [Cox] Eleanor Willetts"
36,Coxed Fours Tier 3,Final,4,3,ZCK,Cork BC,"Tomas Power, Sean O'Sullivan, Joe Kearney, Neil McCarthy, [Cox] Siobhan Egan"
37,Coxless Fours Tier 5,Final,1,4,RAM,Radley Mariners,"R Gearing, Finlay Gronmark, Alexander Richardson, T Gearing"
37,Coxless Fours Tier 5,Final,2,6,CFC (A),Cardiff City RC,"Shane Ahearne, Matthew Nicholls, Rhys Paul, Adrien Grubb"
37,Coxless Fours Tier 5,Final,3,5,TYN (A),Tyne RC,"Serkan Turkmen, A J Musgrave, Danny Hunter, Henry Galbraith"
37,Coxless Fours Tier 5,Final,4,3,DAT,Dart Totnes ARC,"Harry Walker, Matthew Heming, Tom Walton, Harrison Skinner"
37,Coxless Fours Tier 5,Final,5,2,LLA,Llandaff RC,"Edward Lewis, Alexander Lawrence, Matthew Virden, Steffan Evans"
37,Coxless Fours Tier 5,Final,6,7,CNN,Cambridge 99,"Nathan Ryan, Friso van Gent, Robert Sargent, Rhidian Maltby"
38,Coxed Fours Tier 5,Final,1,6,GLU,Glasgow Univ,"Morgan Serpell, Calum Sinclair, Iain Mclaughlin, Gerard Gallagher, [Cox] Rebecca Vest"
38,Coxed Fours Tier 5,Final,2,5,CNN,Cambridge 99,"Edward Gardiner, Dominic Bennett, Nicholas Thorn, Helge Dietert, [Cox] Lily Chan"
38,Coxed Fours Tier 5,Final,3,4,AGE (A),Agecroft RC,"Adam Godfrey, David Bentham, Nick Morrey, Oliver Uttley, [Cox] Annabel Pooley"
38,Coxed Fours Tier 5,Final,4,3,BOU,Bournemouth Un,"Liam Steele, Jacob Manson, James Lambton-Heys, Gian-Luc Angiolini, [Cox] Laura Sutton"
38,Coxed Fours Tier 5,Final,5,2,WAR,Warwick BC,"Andrew Collett, Michael Hourigan, Patrick Hourigan, Philip Tonkin, [Cox] Samantha Wesley"
38,Coxed Fours Tier 5,Final,6,7,RCH,Royal Chester,"Matthew Webb, David Barstow, Harry Ballard, Jonathan Jamshed, [Cox] Jessica Bromley"
39,Women's Coxed Fours Championship,Final,1,5,LEA (B),Lea RC,"Rebecca Minnich, Lucy Stackpool-Moore, Lizzie Chapman, Caroline Newbury, [Cox] Nicola Shepherd"
39,Women's Coxed Fours Championship,Final,2,1,GLT (A),Godolphin Lat,"Elizabeth Gay, Clare Peterson, Carlotta Blamey-Beccaria, Emily Lindberg, [Cox] Libby Ross"
39,Women's Coxed Fours Championship,Final,3,4,AKN (B),Auriol Ken,"Joanna Innes-Hopkins, Angela Hitchens, Katherine Pankhurst, Tamara Zwaagstra, [Cox] Chris Williamson"
39,Women's Coxed Fours Championship,Final,4,2,IMP,Imperial Coll,"Heather Walker, Rachel Snow, Eleanor Disney, Philippa England, [Cox] Rebecca Rowe"
39,Women's Coxed Fours Championship,Final,5,6,COX (B),Oxford City,"Louisa Taylor, Lucy Martin, Caitlin Armstrong, Corinne Larkworthy, [Cox] Suzanna Drohan"
39,Women's Coxed Fours Championship,Final,6,3,DUB (A),Durham Univ,"Francesca Quinn, Gabriella Hatfield, Megan Lillington, Kate Lillington, [Cox] Abigail Riley"
40,Coxless Pairs Tier 2,Final,1,3,IMP (C),Imperial Coll,"Romain Barnoud, Edward Rees"
40,Coxless Pairs Tier 2,Final,2,6,SCU (B),Strathclyde U,"Edward Ayton, Calum Young"
40,Coxless Pairs Tier 2,Final,3,5,REX (A),Rex BC,"George Middlehurst, Patrick Hanratty"
40,Coxless Pairs Tier 2,Final,4,2,ZUC (B),University Coll Cork RC,"Evan White, Julian Larkin"
40,Coxless Pairs Tier 2,Final,5,4,PTR (A),Putney Town,"Henry Gill, Alistair Blair"
40,Coxless Pairs Tier 2,Final,6,7,ZNU,NUI Galway BC,"Barry Murphy, Conor Egan"
41,Coxless Fours Championship,Final,1,5,LDR (A),Leander Club,"Barnaby Stentiford, Finn Stevenson, Sam Twine, George Rossiter"
41,Coxless Fours Championship,Final,2,3,EHU,Edinburgh Univ,"Matthew Christie, Oliver Wilkes, Calum Irvine, Rufus Scholefield"
41,Coxless Fours Championship,Final,3,4,LRC (A),London RC,"Matthew Cummings, Nicholas Parnell, Stephen Griffiths, Dominic Parnell"
41,Coxless Fours Championship,Final,4,7,SIP,Sport Imperial,"Matthew Pointing, Joshua Butler, Sam Butler, Matthew Whaley"
41,Coxless Fours Championship,Final,5,6,ZNU (B),NUI Galway BC,"Liam Keane, Mantis Pukelis, Kevin Nevile, Richard Bennett MBC (A) 4- Molesey BC Sam Tuck, Benjamin Witting, Jens Clausen, Lewis Moran"
42,Women's Eights Tier 2,Final,1,5,ZDT (B),Dublin U Ladies,"Nora Fisher, Sarah Kelly, Aoife Corcoran, Caoimhe Dempsey, Aoife Byrne, Gemma Foley, Laura Walsh, Sarah Higgins, [Cox] Aoife Reid"
42,Women's Eights Tier 2,Final,2,4,STN,Staines BC,"Suzanne Cole, Georgina Watling, Rachel Brown, Claire Couves, Sophie Richards, Catherine Long, Maddison Shoolbread, Emma Corless, [Cox] Anna Cackett"
42,Women's Eights Tier 2,Final,3,3,VRC (A),Vesta RC,"Cameo Choquer, Victoria Carroll, Fiona Robinson, Cherry Fermor, Hannah Futter, Clare Wood, Fiona Palamarczuk, Kirsty McGregor-Ritchie, [Cox] Lauren Hardcastle"
42,Women's Eights Tier 2,Final,4,2,CUR,Curlew RC,"Rebecca Jackson, Inga Jirgensone, Lianne Abbott, Anna Palsdottir, Claire Williams, Gemma Barker, Charlotte Waghorne, Jessica Phillips, [Cox] Alexander Smith"
42,Women's Eights Tier 2,Final,5,6,YRK,York City RC,"Louise Hawkyard, Helen Waller, Jessica Pidgeon, Amy Newton, Edith Bourne, Rachel Witherick, Michelle Alexander, Joselyn Rankin, [Cox] Tabatha Cole"
42,Women's Eights Tier 2,Final,6,7,COX (B),Oxford City,"Caroline Barnes, Isobel Diment, Emily Lyons, Ella Cope, Tabitha Peel, Jodie Buswell, Gwenn-AÃ«l CarrÃ©, Naomi Sharma, [Cox] Dhaval Desai"
43,Women's Coxless Pairs Tier 2,Final,1,4,LEH,Lady E Holles,"Catherine King, Gemma King"
43,Women's Coxless Pairs Tier 2,Final,2,3,VRC,Vesta RC,"Robyn McGregor-Ritchie, Ruth McKellar"
43,Women's Coxless Pairs Tier 2,Final,3,2,ZNU (A),NUI Galway BC,"Georgina Deane, Sadhbh O'Connor"
43,Women's Coxless Pairs Tier 2,Final,4,6,ZNU (B),NUI Galway BC,"Nuala Landers, Alison Mooney"
43,Women's Coxless Pairs Tier 2,Final,5,5,TRC (B),Thames RC,"Eleanor Garratt-Smith, Lowenna Coad"
43,Women's Coxless Pairs Tier 2,Final,6,7,LEA (C),Lea RC,"Rachel Lund, Valentina Futoryanova"
44,Women's Coxed Fours Tier 3,Final,1,5,PTR (B),Putney Town,"Rachel Dean, Deborah Oakley, Catriona Docherty, Sophie Bluff, [Cox] Heather Longstaff"
44,Women's Coxed Fours Tier 3,Final,2,2,ZGY (A),Galway RC,"Kellie Wade, Femhe Caffrey, Claire Elwood, Fiona Murtagh, [Cox] Sarah Lynch"
44,Women's Coxed Fours Tier 3,Final,3,4,LLA,Llandaff RC,"Catherine Raine, Grace Mahony, Emily Brace, Suzanne Erith, [Cox] Richard Summers"
44,Women's Coxed Fours Tier 3,Final,4,6,GRO,Grosvenor RC,"Siobhan Barnard, Laura Champion, Jessica Hulson, Jess Fitzpatrick, [Cox] Elizabeth Williams"
44,Women's Coxed Fours Tier 3,Final,5,3,LEE (A),Leeds RC,"Jessica Brush, Charlotte Milligan, Ella Sadler-Andrews, Emily Holt, [Cox] Harin Wijayathunga"
44,Women's Coxed Fours Tier 3,Final,6,7,TSS (A),Tideway Sc Sch,"Jennifer Scrine, Rachel Scanlan, Kate Thorne, Katya De Gentile-Williams, [Cox] Jessica Saunders"
45,Women's Single Sculls Tier 2,Final,1,6,TRC,Thames RC,Suzi Perry
45,Women's Single Sculls Tier 2,Final,2,4,TRC,Thames RC,Jordan Cole-Hossain
45,Women's Single Sculls Tier 2,Final,3,5,PBD,Poplar B&D,Phoebe Ohene
45,Women's Single Sculls Tier 2,Final,4,3,WRR,Worcester RC,Catherine Jackson
45,Women's Single Sculls Tier 2,Final,5,2,LEH,Lady E Holles,Elizabeth Witt
46,Double Sculls Tier 3,Final,1,2,RDU,Reading Univ,"Dominic Tope, Vincent DeLuca"
46,Double Sculls Tier 3,Final,2,6,HUN,Huntingdon BC/ Leeds Univ,"Joshua Davies (HUN), Fergus Mitchell-Dwelly (LDU)"
46,Double Sculls Tier 3,Final,3,5,CFC,Cardiff City RC/ Cardiff Met U...,"Jacob Bryning, Ollie Gibbons"
46,Double Sculls Tier 3,Final,4,4,TKC,Team Keane,"Paul Keane, Jonathan Brown"
46,Double Sculls Tier 3,Final,5,3,HCS,Durham Univ/ Newcastle Univ,"Lorence Jordan, Patrick Morgan-Jones"
47,Double Sculls Championship,Final,1,2,DUB/ NEW,Durham Univ/ Newcastle Univ,"Hugo Coussens (DUB), Oliver John Varley (NEW)"
47,Double Sculls Championship,Final,2,1,ZSN/ ZUC,Shandon BC/ University Coll Co...,"Dan Begley (ZSN), Ronan Byrne (ZUC)"
47,Double Sculls Championship,Final,3,7,ZSN (B),Shandon BC,"Stephen O'Sullivan, Colm Hennessy"
47,Double Sculls Championship,Final,4,6,AKN,Auriol Ken,"W Hugh MacKworth-Praed, Elliot Barton"
47,Double Sculls Championship,Final,5,4,VRC,Vesta RC,"Simon Woodfine, Harry Bond"
47,Double Sculls Championship,Final,6,5,ZDJ,Castleconnell Boat Club,"Shane Haugh, Fionnan Crowley"
47,Double Sculls Championship,Final,7,3,ELZ/ FUL,Elizabethan BC/ Fulham Reach,"Pierre Thomas (FUL), Tom Fielder (ELZ)"
48,Junior 18 Quad Sculls,Heat 1,1,4,CCS,Claires Court,"Jack Jesseman, Henry Osborne, Callum Perera, Oliver Costley"
48,Junior 18 Quad Sculls,Heat 1,2,2,TSS (A),Tideway Sc Sch,"Laurence Joss, Cameron Christie, Luke Hatteland-Dunn, Marcus Jonas"
48,Junior 18 Quad Sculls,Heat 1,3,3,SAA (A),Star & Arrow,"Christopher Daniell, Oliver Whitfield, David Few, Matthew Peters"
48,Junior 18 Quad Sculls,Heat 1,4,5,GLB (B),Globe RC,"Archie Kirk, James Watson-Gandy, Ronald Richardson, Peter Howard"
48,Junior 18 Quad Sculls,Heat 1,5,6,HCS,Hereford Cathl,"Charles Powell, Tom Hutchinson, Sebastian Dixon, Phoenix Lester"
49,Junior 18 Quad Sculls,Heat 2,1,3,GLB (A),Globe RC,"Sam Baker, Callum Sullivan, Jake Offiler, Dominic Sullivan"
49,Junior 18 Quad Sculls,Heat 2,2,6,WES,Westminster Sch,"George Hockey, Will Dubin, William Allen, Pedro Santos"
49,Junior 18 Quad Sculls,Heat 2,3,2,SAA (B),Star & Arrow,"Benjamin Smeeton, Joe Willis, Hadley Butcher, Miles Devereux"
49,Junior 18 Quad Sculls,Heat 2,4,5,TSS (C),Tideway Sc Sch,"Stefan Okuka, Ambrose Mac-Fall, Alexander Jonas, John Lewis"
50,Junior 18 Quad Sculls,Heat 3,1,3,MHD (A),Maidenhead RC,"Harrison Rowe, Elliott Kemp, Edoardo Marshall, Victor Kleshnev"
50,Junior 18 Quad Sculls,Heat 3,2,4,LEA,Lea RC,"Anthony Duncalf, Morton Sommerville Yesufu, Becan Donald, Alexander Badcott"
50,Junior 18 Quad Sculls,Heat 3,3,2,LTU,Latymer Upper,"Oliver McChesney, Flynn Traeger, Matthew Morgan, James Phelps"
50,Junior 18 Quad Sculls,Heat 3,4,5,MHD (B),Maidenhead RC,"William Smith, Daniel Somerville, Sean O'Mahony, Ethan O'Connor"
51,Women's Double Sculls Championship,Final,1,7,ZFS (B),Skibereen RC,"Aoife Casey, Denise Walsh"
51,Women's Double Sculls Championship,Final,2,4,EXU,Exeter Univ,"Oluwaseun Olusanya, Susannah Duncan"
51,Women's Double Sculls Championship,Final,3,5,SAA,Star & Arrow,"Kesiah Roe, Saskia Devereux"
51,Women's Double Sculls Championship,Final,4,6,ULO,London Univ,"Emily Wilks, Catherine Ador"
51,Women's Double Sculls Championship,Final,5,1,TYN (A),Tyne RC,"Laura Clack, Amy Bowman"
51,Women's Double Sculls Championship,Final,6,2,TSS (A),Tideway Sc Sch,"Emily Walters, Bethan Walters"
51,Women's Double Sculls Championship,Final,7,3,MBC (B),Molesey BC,"Alika-Peach Molloy, Claire McKeown"
52,Coxless Fours Tier 3,Final,1,4,NOW (B),Northwich RC,"Joseph Anderson, Finnian Lawton, Harry Taylor, George Lawton"
52,Coxless Fours Tier 3,Final,2,5,CBR (B),Bristol City,"Cameron Smith, James Wadsworth, Will Japp, Edward Piercy"
52,Coxless Fours Tier 3,Final,3,6,MHD,Maidenhead RC,"Robert Smith, William Cranston, Tim Wallis-Caddell, Ross McCoriston"
52,Coxless Fours Tier 3,Final,4,3,CUR (A),Curlew RC,"Connor Austin, Toby Churchus, Alexander Gibbons, Michael Scott"
52,Coxless Fours Tier 3,Final,5,7,MBC (B),Molesey BC,"Robin Mould, Aaron Wilkins, Adam Heayberd, William Johnston"
52,Coxless Fours Tier 3,Final,6,2,RDG (B),Reading RC,"Gareth Williams, S Clarke, Robert Leech, Charlie Newbould"
53,Women's Eights Tier 4,Final,1,3,UOC,Chester Univ,"Sophie Bell, Leah Hoggarth, Mairead Flannery, Millie Frith, Roberta Coll, Holly Ellen Ringland, Sarah Brodie-Browne, Charlie Shaw, [Cox] Eira Marie Hagland"
53,Women's Eights Tier 4,Final,2,4,UYO,York Univ,"Fiona Collins-taylor, Isla McAully, Alice Glenister, Amanda Jackson, Carla Enrica Foglia, Josie Phillipps, Abigayil Hopkins-Flanagan, Katherine Hill, [Cox] Ellen Kelly"
53,Women's Eights Tier 4,Final,3,5,USU,Surrey Univ,"Sophie Hossack, Naomi Coleman, Jenna Charman, Fiona Norris, Megan Moloney, Jasmine Bone, Eleanor Stevens, Rachel Pritchard, [Cox] Lauren Rathbone"
53,Women's Eights Tier 4,Final,4,2,VRC (B),Vesta RC,"BRIGETTE HAMMER, Claire Mackay, Stephanie Withers, Chloe Speller, Mikaela Blowing, Sophie Hoult, Alice Hoskins, Tahlia Madden, [Cox] Charlotte Kippax"
53,Women's Eights Tier 4,Final,5,6,IMP,Imperial Coll,"Tosca Cederberg Marmefelt, Georgia Grand, Georgiana Malin, Alix Fenies, Geraldine Regnier, Martha Parkinson, Jessica Olive, Agnese Grison, [Cox] Catherine Bowden"
54,Single Sculls Tier 4,Final,1,4,IEL,Isle of Ely RC,George Bourne
54,Single Sculls Tier 4,Final,2,6,ZCK,Cork BC,Barry O'Flynn
54,Single Sculls Tier 4,Final,3,3,MBC,Molesey BC,Sylvain Boyer
54,Single Sculls Tier 4,Final,4,2,PMB,Pembroke Oxford,Edward Rolls
54,Single Sculls Tier 4,Final,5,5,RDU,Reading Univ,Luke Reiser
54,Single Sculls Tier 4,Final,6,7,UTC,Upper Thames RC,Robert Moles
55,Women's Single Sculls Tier 4,Final,1,5,BAU,Bath Univ,Laura Macro
55,Women's Single Sculls Tier 4,Final,2,3,GRO,Grosvenor RC,Lucy Iball
55,Women's Single Sculls Tier 4,Final,3,6,GRF,Greenbank,Sarah E Lewis
55,Women's Single Sculls Tier 4,Final,4,7,GHP,Glos Hartpury,Bryony Lawrence
55,Women's Single Sculls Tier 4,Final,5,4,TSS,Tideway Sc Sch,Gabby Cutler
55,Women's Single Sculls Tier 4,Final,6,2,ZQL,Queens U Ladies,Olivia Blundell
56,Women's Double Sculls Tier 3,Final,1,4,TSS (C),Tideway Sc Sch,"Thea Adamson, Elizabeth Williams"
56,Women's Double Sculls Tier 3,Final,2,5,LER,Leicester RC,"Aoife Holohan, Louise TORT"
56,Women's Double Sculls Tier 3,Final,3,3,MBC (A),Molesey BC,"Hannah Foxley, Marie Grant"
56,Women's Double Sculls Tier 3,Final,4,2,BAU,Bath Univ,"Megan Stoker, Carlotta Broglia"
56,Women's Double Sculls Tier 3,Final,5,6,IMP,Imperial Coll,"Jowita Mieszkowska, Kathryn Barnhill"
56,Women's Double Sculls Tier 3,Final,6,7,UBI,Birmingham Univ,"Isobel Haig, Emily Hutchinson"
57,Eights Tier 3,Heat 1,1,4,AGE (B),Agecroft RC,"Andrew Thomas, Rory O'Neill, Thomas Buckley, Tristan Hollis, Sean Szekely, John Ford, Benedict Adey-Johnson, Jack Roe, [Cox] Lucy Masters"
57,Eights Tier 3,Heat 1,2,3,WRR,Worcester RC,"David Hopkins, James Riach, Alex Kearns, Jack McDonald, Ryan Pettifer, William Fraser, Joshua Rogers, Timothy Woodman, [Cox] Molly Elkins"
57,Eights Tier 3,Heat 1,3,1,IMP,Imperial Coll,"Ian Kegler, James Wilson, David Simmonds, Matthew Layton, Ben Hambrook, Matthew McElroy, Harry Uglow, Harry Knights, [Cox] Charlotte Grayson"
57,Eights Tier 3,Heat 1,4,7,SOU,S'hampton Univ,"Edward Trigle, Sam Diserens, Louis Gautier, Gregory Sturgess, Finn McGahan, Tomas Sidorowicz, Christopher Sim, Fraser Jarrett, [Cox] Molly Brown"
57,Eights Tier 3,Heat 1,5,6,MAR (A),Marlow RC,"Matthew Smith, James Busby, Mark Ruinet, Christopher Renwick, Kingsley McDiarmid, Thomas Rendell, David Brindle, Timothy Mitchell, [Cox] Claudia Russell"
57,Eights Tier 3,Heat 1,6,5,VRC (B),Vesta RC,"Sven Radcke, Oliver Lumley, Michael Warren, Giovanni Galavotti, Christopher Clements, Henry Primarolo, Robert Donald, William Pearson, [Cox] Charlotte Kippax"
58,Eights Tier 3,Heat 2,1,6,UBR (A),Bristol Univ,"Arthur Smith, Harry Rosen, Alex Heslop, James Foster, John Allden, Elias Kassell Raymond, Benjamin Slingsby, Carl Cox, [Cox] Johanna Dodgson"
58,Eights Tier 3,Heat 2,2,1,ETN/ RNY (B),Eton Coll/ Navy & Marines,"Oliver Brufal de Melgarejo (ETN), Adam Mombru (ETN), Andy Matheson (RNY), Kuttel Rorke (ETN), Theodore Hall (ETN), Alex Rusis (ETN), Aubrey Warley (ETN), Richard Taylor (ETN), [Cox] Edward Bracey (ETN)"
58,Eights Tier 3,Heat 2,3,5,CNN,Cambridge 99,"Rhidian Maltby, Robert Sargent, Karel Kabelik, Edward Gardiner, Dominic Bennett, Nicholas Thorn, Helge Dietert, Nathan Ryan, [Cox] Lily Chan"
58,Eights Tier 3,Heat 2,4,2,LTU,Latymer Upper,"Saami Tajeddin, Thomas De MeeÃ»s d'Argenteuil, Hamish Lister, Petar Suvajic, David Ferm, Mathew Brett, Ethan Ward, Nicholas Mayhew, [Cox] Ishan Barve"
58,Eights Tier 3,Heat 2,5,4,COX,Oxford City,"Hamish Bowie, William Rogers, Edward Podgorski, Dmitry Nazarenko, George New, Luke Kelly, Harry Robinson, Thomas Briggs, [Cox] Kirstin Anderson"
58,Eights Tier 3,Heat 2,6,3,RAD (B),Radley Coll,"Max Cragoe, Will Farrer-Brown, Theo Metcalf, James Innes-Ker, Tiger Beck, Henry Taylor, William A Brassard, Joshua Beck, [Cox] Christoph Wallendahl"
59,Eights Tier 3,Heat 3,1,2,ZCD (A),University Coll Dublin RC,"Cameron Murphy, Coman O'Connell, Michael Noonan, Mark Doyle, Seamus Kennedy, David Somers, Niall Farrell, James O'Sullivan, [Cox] Shauna Fitz"
59,Eights Tier 3,Heat 3,2,3,RCH (B),Royal Chester,"Fraser Morgan, Henry William McGarva, Peter Dean, Daniel Weatherly, Harrison Hunter, Thomas Rushton, Alexander Constantinou, John Hedley McGarva, [Cox] Abigail Sanders"
59,Eights Tier 3,Heat 3,3,6,TRC (C),Thames RC,"William Hilder, Andrew Curry, Thomas Burnell, Thomas Hoier, Radulf Bertschinger, Alexander Woolley, William Campbell, Alexander Bennett, [Cox] Jennifer Wainer"
59,Eights Tier 3,Heat 3,4,5,CAM,Cambridge City,"Tom Watt, Ashley Mander, Scott O'Donoghue, Paul Fairbairn, Thomas Hetherington, Callum McKenzie, Thomas Shadbolt, Jack Lawlor-Anderson, [Cox] Jess Upton"
59,Eights Tier 3,Heat 3,5,4,TWK,Twickenham RC,"Richard Beard, Tom Messa, Stephen Parker, Adam Berry, Rory Bryant, Alistair Bradley, Wesley MacCabe, John Harfield, [Cox] Emma Feerick"
59,Eights Tier 3,Heat 3,6,1,KCL (A),King's Coll Lon,"Simon Deacon, William Masters, Matthew Fish, Erik Habich, Josh Funnell, Guglielmo La Torre, Alexander Stevens, James Gregory, [Cox] Jasper Couper"
60,Lightweight Single Sculls,Final,1,4,LDR,Leander Club,Jonathan Jackson
60,Lightweight Single Sculls,Final,2,5,ZQU,Queens Belfast,Miles Taylor
60,Lightweight Single Sculls,Final,3,2,ZNU,NUI Galway BC,Tom Dillon
60,Lightweight Single Sculls,Final,4,6,CNN,Cambridge 99,Henk-Jaap Wagenaar
60,Lightweight Single Sculls,Final,5,3,CHR,Christchurch RC,Joseph Livy
60,Lightweight Single Sculls,Final,6,7,TRC,Thames RC,Philip Lee
61,Women's Junior 18 Quad Sculls,Heat 1,1,5,LTU,Latymer Upper,"Madeline Lloyd, Mia Thomas, Georgina Seal, Phoebe Ransom"
61,Women's Junior 18 Quad Sculls,Heat 1,2,4,GLB,Globe RC,"Nomeda Laukyte, Siobhan Samuel, Leila Bernstein, Julia Olawumi"
61,Women's Junior 18 Quad Sculls,Heat 1,3,2,CNN/ IEL/ KSE,Cambridge 99/ Isle of Ely RC/ ...,"Rebecca Garrett (KSE), Freya Dingwall (IEL), Olivia Morgan (CNN), Holly Lancaster (KSE)"
61,Women's Junior 18 Quad Sculls,Heat 1,4,3,TRC,Thames RC,"Thais Umbelino-Purton, Gaby Munyard, Jemima Price, Chloe Knight"
61,Women's Junior 18 Quad Sculls,Heat 1,5,6,MBC,Molesey BC,"Daisy Leppard, Abi Ferguson, Rachel Dunford, Isabella Roper"
62,Women's Junior 18 Quad Sculls,Heat 2,1,4,IEL,Isle of Ely RC,"Helena O'Donnell, Rebecca Welch, Kate Lyster, Molly Johnson"
62,Women's Junior 18 Quad Sculls,Heat 2,2,2,SWP,W Perkin's Sch,"Emily Baker, Emily Keen, Emma Fountain, Annabelle Taylor"
62,Women's Junior 18 Quad Sculls,Heat 2,3,4,SPG,St Paul's Girls,"Helen Elizabeth Kirkpatrick, Lara Emma Catherine Valt, Nicola kate Lawless, Aurelia Cowan"
62,Women's Junior 18 Quad Sculls,Heat 2,4,5,WRR,Worcester RC,"Alisha Bull, Daisy Price, Elizabeth Shaw, Becky Silvester"
63,Women's Eights Championship,Heat 1,1,4,MBC,Molesey BC,"Emma McDonald, Caitlin Boyland, Gabby Rodriguez, Elo Luik, Lucy Primmer, Ruth Whyman, Rebecca Edwards, Katie Bartlett, [Cox] Morgan Baynham-Williams"
63,Women's Eights Championship,Heat 1,2,1,ZCR,Commercial RC,"Martina Bracken, Edel Gary, Gill Crowe, Gillian Hosford, Naomi Fearon, Hazel O'Neill, Sinead Dolan, Ruth Morris, [Cox] niamh williams"
63,Women's Eights Championship,Heat 1,3,3,DUB (A),Durham Univ,"Francesca Quinn, Maya Nickituk, Megan Lillington, Kate Lillington, Amy Polglase, Ellen Roberts, Lucinda Ellaway-Bell, Helena Louise Lang, [Cox] Abigail Riley"
63,Women's Eights Championship,Heat 1,4,2,TRC (A),Thames RC,"Clodagh Loughnane, Charlotte Orrell, Helen Carswell, Rose Bernard, Sarah Newton, Katrine Eskander, Katherine Woodward, Flora Emeney, [Cox] Nathalie Kernan"
63,Women's Eights Championship,Heat 1,5,6,AGE,Agecroft RC,"Frances Barrand, Camilla O'Driscoll, Kate Silverthorne, Grace Miller, Charlotte Walsh, Florence Morton, Alexandra Gardiner, Charlotte Grandfield, [Cox] Marion Vannier"
63,Women's Eights Championship,Heat 1,6,5,AKN (B),Auriol Ken,"Anne Schieck, Marianna Raffaele, Mateja Sborchia, Kathleen Cyr, Kirsty Page, Amanda Piggot, Sophie Lovett, Catherine Edwards, [Cox] Isy Marshall"
64,Women's Eights Championship,Heat 2,1,6,NEW (B),Newcastle Univ,"Phoebe Truett, Sundee Denton-Chandler, Anna Van de Braak, Charlotte Dobson, Leanne Knight, Kate Woolley, Kathryn Eccles, Lucy Stanhope, [Cox] Charlotte Hill"
64,Women's Eights Championship,Heat 2,2,5,TSS (B),Tideway Sc Sch,"Holly Smith, Catherine O'Riordan, Kate Thorne, Alicia Keith, Ellenor Peebles, Cecilia Ricks, Sally Trump, Katie Potter, [Cox] Sophie Shapter"
64,Women's Eights Championship,Heat 2,3,3,NEW (A),Newcastle Univ,"Fiona Chestnutt, Harriet Aubrook, Lydia Davis, Frances Russell, Katherine Bulmer, Leah Kindleyside, Harriet Roddy, Rachel Webb, [Cox] Sophie Bury"
64,Women's Eights Championship,Heat 2,4,1,UBR (A),Bristol Univ,"Cecilia Assmundson, Phoebe Beer, Alice Davies, Charlotte Greenwood, Sally Elphick, Alice Lovett, Nathalie Rappaport, Jessica Pope, [Cox] Sophia Margetts"
64,Women's Eights Championship,Heat 2,5,2,LEH,Lady E Holles,"Elizabeth Henshaw, Katie Benson, Alice Snelling, Clare Jackson, Verity Cole, Katerina Taylor, Emma Breeze, Celia Matthews, [Cox] Jiyaraj Saggu"
64,Women's Eights Championship,Heat 2,6,4,FUL,Fulham Reach,"Sally Hodgson, Emma Rogers, Fay Sandford, Georgina Phillips, Elizabeth Cottrell, Beatrix Sheldrick, Jenny Arnold, Fiona Schlesinger, [Cox] S Tjornelund"
65,Eights Tier 5,Heat 1,1,5,BAU,Bath Univ,"Henry Jones, Charlie Parker, Ben Pickford, Matthew Moore, Matthew Horsford, Marcus Lewis, William England, Thomas Bowles, [Cox] Daniel Baillache"
65,Eights Tier 5,Heat 1,2,4,NOR (B),Norwich RC,"Oliver Roe, Ed English, Oli Tyler, Carey Pearson, Carl Shiplee, Jake Kattenhorn Black, Toby Trett, Oliver Negus, [Cox] Darwin Columbus Friend"
65,Eights Tier 5,Heat 1,3,6,LEE (B),Leeds RC,"Andrew Walker, Mark Tarrant, Lewis Marston, Conor Vincent, James Tipper, Daniel Humphrey, Vasileios Athanasiadis, Theodosios Travlos, [Cox] Jasmine Jones"
65,Eights Tier 5,Heat 1,4,2,ZCD (B),University Coll Dublin RC,"Ben Layden, Thomas O Reilly, Thomas Birmingham, Robbie Glynn, Andrew Mays, Finnian Shilling, O Sullivan Cian, Tim Burke, [Cox] Caoimhe Fitzgerald"
65,Eights Tier 5,Heat 1,5,3,TYN,Tyne RC,"Michael Dodds, George Starr, Joshua Bate, Peter Storey, Serkan Turkmen, A J Musgrave, Danny Hunter, Henry Galbraith, [Cox] Rosie Connolly"
65,Eights Tier 5,Heat 1,6,1,UBR (C),Bristol Univ,"Sean Alexander, Joseph Mallet, Louis Heath, Jack Fradd, George Kilgour, James Hogben, Harry Baker, Angus Firth, [Cox] Shona Wilcox"
65,Eights Tier 5,Heat 1,7,7,KCL (C),King's Coll Lon,"Ayush Joshi, Jack Mulekezi, Guy Anderson, Talyn Jones, Rory Swan, Derek Watson, Luke Lyons, Frederic LÃ©on Ritter, [Cox] Bethan Grech"
66,Eights Tier 5,Heat 2,1,1,UWE,W England Univ,"Aghaude Amadi, Edward Dean, Benjamin Stafford, Will Lord, Liam Hopkins, Robert Bonham, Andrew Heath, Tim Waller, [Cox] Freya Jennings"
66,Eights Tier 5,Heat 2,2,4,NTU,Nottm Trent,"Callum Donington, James Beagles, Adam Swain, Guy Woolford, Yiana Shakespeare, Edd Maryon, Samuel Geller, Edward Stracey, [Cox] Joe Elliott"
66,Eights Tier 5,Heat 2,3,3,CCS,Claires Court,"Alex Jackson, Ben Broadhead, Alexander Getley, Raamie Falck Award, Oliver Hill, Toby Yate, Adam Fairley, Ben Forster, [Cox] Charles Nash"
66,Eights Tier 5,Heat 2,4,5,MHD,Maidenhead RC,"Gabriel Jennings, Jack Cox, Bradley Halloran, Jonathan Ballard, Matthew Edmundson, Ben Edgar-Whelan, Timothy Rumary, Sam McCoriston, [Cox] Tegan Pereira-Rego"
66,Eights Tier 5,Heat 2,5,6,KCL (B),King's Coll Lon,"Hugo Thomas, James Lee, Alexander Woodhouse, Daniil Baryshnikov, Matthew Evans, Ali Atun, Kit Mersey, Nikolai Horozov, [Cox] Eleanor Gosney"
66,Eights Tier 5,Heat 2,6,2,ZDU (C),Dublin University BC,"Robbie White, Conor Phelan, Raja Sleiman, Ciaran Donegan, Paul Kennedy, Dylan O'Halloran, Isaac Brickenden, Andrew Finnerty, [Cox] Arne Philipeit"
67,Coxed Fours Tier 2,Heat 1,1,2,ZNU (A),NUI Galway BC,"Brion O'Rourke, Eoghan Whittle, Jack Bennett, Oisin Nolan, [Cox] Cathal McNamara"
67,Coxed Fours Tier 2,Heat 1,2,5,KRC (A),Kingston GS/ Kingston RC,"Cameron Spurling, Hal Bedford-Payne, Andrew Bedford, George Fellows, [Cox] Adele Hing"
67,Coxed Fours Tier 2,Heat 1,3,4,ULO,London Univ,"Matthew Denley, Andrew Holm, Frederick Smart, Archie Hilder, [Cox] Megan Neville"
67,Coxed Fours Tier 2,Heat 1,4,3,SUA (B),Stratford Avon,"Edward Lewry, Thomas Coles, Ben Twiney, Christopher Thomas, [Cox] Eleanor Willetts"
67,Coxed Fours Tier 2,Heat 1,5,1,TAU,Taurus BC,"Samuel Bannister, Rob Edmondson, Edward Grisedale, Richard Hawkins, [Cox] John Carlson"
67,Coxed Fours Tier 2,Heat 1,6,6,VRC (B),Vesta RC,"Sebastian Wachholz, Luca Turner, Christopher Goodfellow, Alan Hunton, [Cox] Nicola Sani"
68,Coxed Fours Tier 2,Heat 2,1,4,TRC (A),Thames RC,"Thomas Foad, Marc Cox, Thomas Portsmouth, Zack Youell, [Cox] Lesley Vowles"
68,Coxed Fours Tier 2,Heat 2,2,3,USU,Surrey Univ,"Jonas Butvilas, Alex Law, Harry Grassom, Andrew Stevenson, [Cox] Tsolo Swan"
68,Coxed Fours Tier 2,Heat 2,3,1,MBC (B),Molesey BC,"Andy Warren, Rhys Westall, Kenneth Gray, Andrew Turner, [Cox] Jonna de Vries"
68,Coxed Fours Tier 2,Heat 2,4,2,ZNU (E),NUI Galway BC,"Baptiste Guerinot, Gerry Mannion, Alex Chadfield, Kai McGlacken, [Cox] Shannon Sheridian"
68,Coxed Fours Tier 2,Heat 2,5,5,UBR,Bristol Univ,"Thomas Nicholson, Callum Gathercole, Jack Squizzoni, Harry Stroud, [Cox] Jennifer Cocke"
69,Coxless Pairs Championship,Heat 1,1,4,HEN,Henley RC,"Michael Nagi, David Lambourn"
69,Coxless Pairs Championship,Heat 1,2,5,IMP (A),Imperial Coll,"Jonathan Edwards, Alister Fraser"
69,Coxless Pairs Championship,Heat 1,3,3,IMP (B),Imperial Coll,"A Ball, Edward Bentley"
69,Coxless Pairs Championship,Heat 1,4,6,SCU (A),Strathclyde U,"Edward Ayton, Calum Young"
70,Coxless Pairs Championship,Heat 2,1,4,MBC,Molesey BC,"George Stewart, Alastair Douglass"
70,Coxless Pairs Championship,Heat 2,2,2,ZUC (A),University Coll Cork RC,"Steven Murphy, David Synnott"
70,Coxless Pairs Championship,Heat 2,3,5,IMP (D),Imperial Coll,"Luke Whiting, James Harrison"
70,Coxless Pairs Championship,Heat 2,4,3,DUB (D),Durham Univ,"Patrick Kinch, Max Robinson"
71,Women's Coxed Fours Tier 4,Heat 1,1,4,USU,Surrey Univ,"Holly Stemp, Anika Piezka, Megan Pearson, Hariette Case, [Cox] Joanna Walker"
71,Women's Coxed Fours Tier 4,Heat 1,2,6,BAU,Bath Univ,"Kimberley Ertl, Zara Mulholland, Ella Shilliday, Hannah Slater, [Cox] Ella Flanagan"
71,Women's Coxed Fours Tier 4,Heat 1,3,7,LEE (B),Leeds RC,"Jessica Brush, Charlotte Milligan, Ella Sadler-Andrews, Emily Holt, [Cox] Harin Wijayathunga"
71,Women's Coxed Fours Tier 4,Heat 1,4,3,LTU,Latymer Upper,"Grace Boettcher, Anna Marshall, Maya Fabrizio, Selena Jones, [Cox] Leah Thomas"
71,Women's Coxed Fours Tier 4,Heat 1,5,5,WRU,Worcester Univ,"Rachael Elmes, Hayley Arthrell, Emily Clutterbuck, Sophie Everett, [Cox] Caitlin Wallace"
71,Women's Coxed Fours Tier 4,Heat 1,6,1,WRR,Worcester RC,"Madeleine Fisher, Imogen Ledbetter, Natalie Thornton, Sophie Stoddart, [Cox] Emily Glazzard"
71,Women's Coxed Fours Tier 4,Heat 1,7,2,ZDT (D),Dublin U Ladies,"Sophie Cairns, Ciara Kiely, Saidhbhe Casey, Brona Murphy, [Cox] Clare White"
72,Women's Coxed Fours Tier 4,Heat 2,1,6,ZNU (A),NUI Galway BC,"Aisling Nolan, Ailbhe Griffin, Sorcha O'Donnell, Siuan Mannion, [Cox] Johanna Walsh"
72,Women's Coxed Fours Tier 4,Heat 2,2,2,ZDT (C),Dublin U Ladies,"Susie O' Neill, Ellen Clohessy, Maria Kennedy, Aine Kennedy, [Cox] Aoife Reid"
72,Women's Coxed Fours Tier 4,Heat 2,3,1,GLT (B),Godolphin Lat,"Libby Bryant, Madeleine Macbeth, Emily Gustafsson, Madeline Grussing, [Cox] Tazeena Thorowgood"
72,Women's Coxed Fours Tier 4,Heat 2,4,5,ZCK,Cork BC,"Claire Ryan, Valerie O'Driscoll, Aisling O'Leary, Jessica McCarthy, [Cox] Mary Aird"
72,Women's Coxed Fours Tier 4,Heat 2,5,3,CFU,Cardiff Univ,"Heather Stewart, Imogen Freethy, Lauren Wareham, Anita Rozenvalde, [Cox] Megan Walker"
72,Women's Coxed Fours Tier 4,Heat 2,6,4,BOU,Bournemouth Un,"Jessica Pyne, Jennifer Rose, Bethany Dyer, Polly Humphrey, [Cox] Maia Jordan"
73,Women's Eights Tier 3,Heat 1,1,7,ZDT (A),Dublin U Ladies,"Nora Fisher, Sarah Kelly, Aoife Corcoran, Caoimhe Dempsey, Aoife Byrne, Gemma Foley, Laura Walsh, Sarah Higgins, [Cox] Aoife Reid"
73,Women's Eights Tier 3,Heat 1,2,6,DUB (B),Durham Univ,"Samantha Bousfield, Anna Thomas, Emma Cramp, Anna van der Star, Alicia Schwarzenbach, Eva Siwiak-Jaszek, Megan Connolly, Harriet Watson, [Cox] Zoe Evans"
73,Women's Eights Tier 3,Heat 1,3,4,CBR (B),Bristol City,"Emma Greenhow, Rebecca Harnett, Jenna Randall Smith, ELLEN GRIST, Annabel Young, Eimear McGeehan, Andreea Paraschivescu, Rosie Oates, [Cox] Paddy Davison"
73,Women's Eights Tier 3,Heat 1,4,5,ZDT (D),Dublin U Ladies,"Ruthie McHugh, Jane Hogg, Aideen Fay, Aoife McGranaghan, Molly Brennan, Gabriele Gusciute, Anna Mangan, Ellen Murphy, [Cox] Clare White"
73,Women's Eights Tier 3,Heat 1,5,3,GLU,Glasgow Univ,"Rebeccas Perry, Jane MacGregor, Kirsty Naismith, Aliese Steinhart, Izzy MacDonald, Amy Tulloch, Nina Gray, Elizabeth Barriero, [Cox] Stuart Mitchell"
73,Women's Eights Tier 3,Heat 1,6,1,VRC (C),Vesta RC,"Victoria Smith, Claire Mackay, Stephanie Withers, Chloe Speller, Mikaela Blowing, Sophie Hoult, Alice Hoskins, Tahlia Madden, [Cox] Charlotte Kippax"
74,Women's Eights Tier 3,Heat 2,1,2,ZGY,Galway RC,"Ruth Elwood, Kellie-Ann Folan, Isabella McDonald, Roisin Cahill, Kellie Wade, Amy Sims, Claire Elwood, Fiona Murtagh, [Cox] Sarah Lynch"
74,Women's Eights Tier 3,Heat 2,2,3,EXU,Exeter Univ,"Sophie Ackert, Julia Bradley, Ella Armstrong, Arabella Weetch, Emily Batchelor, Caitlin Kickham, Samantha Over, Sophie Taylor, [Cox] Sophie Wrixon"
74,Women's Eights Tier 3,Heat 2,3,6,NUN,Nottm & Union,"Jasmine Michalowska, Clodagh Gallagher, Amy Fenoulhet, Alice Williams, Mary Bryant Jeans, Heather Lund, Hannah Walker, Isobel Pullinger, [Cox] Laura Stops"
74,Women's Eights Tier 3,Heat 2,4,4,COX (A),Oxford City,"Isobel Diment, Caroline Barnes, Emily Lyons, Ella Cope, Tabitha Peel, Jodie Buswell, Gwenn-AÃ«l CarrÃ©, Naomi Sharma, [Cox] Dhaval Desai"
74,Women's Eights Tier 3,Heat 2,5,1,ULO,London Univ,"Hannah Lidbetter, Amelie Peiker, Esme Jones, Annabel Strachan, Jenny Budden, Alexandra Courage, Jessica Milborne, Martina Larsson, [Cox] Tanya Hossain"
74,Women's Eights Tier 3,Heat 2,6,5,PTR,Putney Town,"Laura Tompkins, Joely Dicks, Laura Peck, Lauren Buchanan, Francesca Lawley, Melanie Perkins, Georgina Killick, Jade Gowan, [Cox] Tanya Bates"
75,Junior 18 Quad Sculls,Final,1,4,CCS,Claires Court,"Jack Jesseman, Henry Osborne, Callum Perera, Oliver Costley"
75,Junior 18 Quad Sculls,Final,2,5,GLB (A),Globe RC,"Sam Baker, Callum Sullivan, Jake Offiler, Dominic Sullivan"
75,Junior 18 Quad Sculls,Final,3,3,TSS (A),Tideway Sc Sch,"Laurence Joss, Cameron Christie, Luke Hatteland-Dunn, Marcus Jonas"
75,Junior 18 Quad Sculls,Final,4,7,LEA,Lea RC,"Anthony Duncalf, Morton Sommerville Yesufu, Becan Donald, Alexander Badcott"
75,Junior 18 Quad Sculls,Final,5,6,MHD (A),Maidenhead RC,"Harrison Rowe, Elliott Kemp, Edoardo Marshall, Victor Kleshnev"
75,Junior 18 Quad Sculls,Final,6,2,WES,Westminster Sch,"George Hockey, Will Dubin, William Allen, Pedro Santos"
76,Single Sculls Tier 5,Heat 1,1,4,GRF,Greenbank,Timothy Wilkinson
76,Single Sculls Tier 5,Heat 1,2,1,CFC,Cardiff City RC,George Cowley
76,Single Sculls Tier 5,Heat 1,3,5,GRO,Grosvenor RC,Connor Weaver
76,Single Sculls Tier 5,Heat 1,4,6,DUB,Durham Univ,Neil Connell
76,Single Sculls Tier 5,Heat 1,5,2,SCU,Strathclyde U,Christopher Parsonage
77,Single Sculls Tier 5,Heat 2,1,4,DUB,Durham Univ,Montague Norman
77,Single Sculls Tier 5,Heat 2,2,3,NWK,Newark RC,Oliver Saunders
77,Single Sculls Tier 5,Heat 2,3,5,DUB,Durham Univ,Ryan Todhunter
77,Single Sculls Tier 5,Heat 2,4,2,GLW,Glasgow RC,LukÃ¡Å¡ Melichar
77,Single Sculls Tier 5,Heat 2,5,6,RNY,Navy & Marines,Andy Matheson
78,Women's Coxed Fours Tier 2,Heat 1,1,5,ULO,London Univ,"Anna Collins, Holly Exton-Smith, Amber Pierce, Olivia Rogerson, [Cox] Lauren Holland"
78,Women's Coxed Fours Tier 2,Heat 1,2,4,UTC,Upper Thames RC,"Gabriella Halloran, Emma Peacock, Rhianna Cearns, Sally Pollok-Morris, [Cox] Zoe Thomas"
78,Women's Coxed Fours Tier 2,Heat 1,3,3,BBL,Barnes Br LRC,"Clemmy Fontaine, Cara Cahill, Sarah Thompson, Laura Oakley, [Cox] Anna Costantini"
78,Women's Coxed Fours Tier 2,Heat 1,4,2,TSS (B),Tideway Sc Sch,"Jennifer Scrine, Rachel Scanlan, Kate Thorne, Katya De Gentile-Williams, [Cox] Jessica Saunders"
78,Women's Coxed Fours Tier 2,Heat 1,5,1,ZUC,University Coll Cork RC,"Ellen Desmond, Clara Rowe-Ham, Fiona O'Keefe, Katie Nagle, [Cox] Cormac O'Connell"
79,Women's Coxed Fours Tier 2,Heat 2,1,2,KCL,King's Coll Lon,"Danielle Wilcock, Molly Hackett, Amy Kilby, Stephanie Stone, [Cox] Manuela de Mendonca"
79,Women's Coxed Fours Tier 2,Heat 2,2,3,PTR (A),Putney Town,"Rachel Dean, Deborah Oakley, Catriona Docherty, Sophie Bluff, [Cox] Heather Longstaff"
79,Women's Coxed Fours Tier 2,Heat 2,3,5,COX (A),Oxford City,"Louisa Taylor, Lucy Martin, Caitlin Armstrong, Corinne Larkworthy, [Cox] Suzanna Drohan"
79,Women's Coxed Fours Tier 2,Heat 2,4,4,MBC,Molesey BC,"Emma Boyns, Phoebe Bradbury, Lydia Cronin, Amber Hickson, [Cox] Ana Yong"
79,Women's Coxed Fours Tier 2,Heat 2,5,6,TRC (B),Thames RC,"Laura Phillips, Lucy Thomas, Anna Harrison, Louisa Currey, [Cox] Alastair Jackson"
80,Eights Championship,Heat 1,1,5,TRC (A),Thames RC,"Alex Morris, Ian Hurley, Samuel Barnes, Orlando Nixon, Skye Landon, Ben Thomas, William Moorhouse, Thomas Phelps, [Cox] Vlad Saigau"
80,Eights Championship,Heat 1,2,3,ULO (A),London Univ,"Ben Freeman, James Richards, Alex Steventon, Max Townley, Joshua Tolley, Patrick Boomer, Joshua Kent, Patrick Sullivan, [Cox] Rajaei Sharma"
80,Eights Championship,Heat 1,3,2,LRC (A),London RC,"Matthew Reeder, Dylan Wing, Todd Hale, Thomas Neeld, Tom Monaghan, Jamie Saunders, Sebastien Thomas, Lucas Vitale, [Cox] Kim Wilkinson"
80,Eights Championship,Heat 1,4,6,CUR (A),Curlew RC,"John Stewart, Angus Wilson, Lukas Schmidt, Callum Stayton, Eoghan Beamish, Alexander James Parsons-Mills, T Weekes, Matthew Richardson, [Cox] Nicola Freeman"
80,Eights Championship,Heat 1,5,4,MBC (B),Molesey BC,"Fraser Steel, Laurence Ellis, Felix Warren, Ollie Stanhope, William Johnston, Jake Greig, Matthew Hardy, Theo Darlow, [Cox] Scott Cockle"
80,Eights Championship,Heat 1,6,7,KRC,Kingston RC,"Tom Hopkins, Matthew McWilliam, Ben Handy, Thomas Rawlins, Jonathan Webber, Peter Wales, Nick Pepper, Sam Tunbridge, [Cox] Prudence Seaward"
81,Eights Championship,Heat 2,1,1,WIN,Winchester Coll,"Dent Goodman, Alex Wythe, William Passmore, Hugo Durward, Oliver Le May, Milford Killian-Dawson, Tobias SchrÃ¶der, Luke Robinson, [Cox] Gabriel Cuaycong"
81,Eights Championship,Heat 2,2,6,WES,Westminster Sch,"Baptiste Bouvier, Mathijs Deetman, Nicholas Cowling, Jake Swann, Alexander Green, Reginald Mitchell, Henry Jones, George Middleton, [Cox] Hugh Spaughton"
81,Eights Championship,Heat 2,3,2,ETN (B),Eton Coll,"Charles Pearson, Alexander Boardman, Francis Baring, Noah Norman, Patrick Adams, Felix Drinkall, Oscar Carr-Middleton, Max Ridgewell, [Cox] George Cozens"
81,Eights Championship,Heat 2,4,5,HAM (A),Hampton Sch,"Matthew Hamilton, Matthew Turner, Tom Davis, Rory Gilligan, Edward Butler, Thomas Worthington, Tom Cross, Piero Ladhur, [Cox] Charlie Marcus"
81,Eights Championship,Heat 2,5,4,ULO (B),London Univ,"Stuart Pearce, Hendrik Kroon, Toby Langstone, Charles Middleton, Alexander Fisher, Will Carey, Thomas Bruce, Guy Screaton, [Cox] Harry Peters"
81,Eights Championship,Heat 2,6,3,LEA,Lea RC,"James Stanier, Thomas Wei, Max James Beverton, Ross McDonald, Hugh Berry, Anthony Brewer, Evan Whittal-Williams, Emilio Hernandez, [Cox] Richard Hill"
82,Coxless Fours Tier 2,Heat 1,1,1,LDR (B),Leander Club,"Charles Waite-Roberts, Edward Gleadowe, Richard Clarke, Jamie Kirkwood"
82,Coxless Fours Tier 2,Heat 1,2,2,ZNU (A),NUI Galway BC,"Liam Keane, Mantis Pukelis, Kevin Nevile, Richard Bennett"
82,Coxless Fours Tier 2,Heat 1,3,3,COX (A),Oxford City,"Simon Kerswell-Jensen, William Clarke, Matthew Jones, Malcolm Nisbet"
82,Coxless Fours Tier 2,Heat 1,4,5,IMP,Imperial Coll,"Paul Jones, Carlos Schuster, Wilf Kimberley, Florian Herbst"
82,Coxless Fours Tier 2,Heat 1,5,4,MAR,Marlow RC,"Oliver Poynton, Adrian Gurney, Graham Farr, Michael Durham"
82,Coxless Fours Tier 2,Heat 1,6,6,LRC (B),London RC,"James Sexton-Barrow, Luis Orozco, Jack Davidson, Rupert Price"
83,Coxless Fours Tier 2,Heat 2,1,2,ZCD,University Coll Dublin RC,"Joe Ronaldson, Colm O'Riada, Tiarnan Doherty, Max Murphy"
83,Coxless Fours Tier 2,Heat 2,2,3,FUL,Fulham Reach,"Edward Birrell, Ross De Burgh, James Diaz-Sokoloff, Ben Bathurst"
83,Coxless Fours Tier 2,Heat 2,3,5,CBR (A),Bristol City,"Cameron Smith, James Wadsworth, Will Japp, Edward Piercy"
83,Coxless Fours Tier 2,Heat 2,4,6,CUR (B),Curlew RC,"Connor Austin, Toby Churchus, Alexander Gibbons, Michael Scott"
83,Coxless Fours Tier 2,Heat 2,5,4,NSH,Nonesuch BC,"H Cooper, Charles Lewis, Jonathan McCann, Chris Heywood"
84,Women's Single Sculls Tier 3,Heat 1,1,5,LER,Leicester RC,Sophie Connolly
84,Women's Single Sculls Tier 3,Heat 1,2,3,TSS,Tideway Sc Sch,Gabby Cutler
84,Women's Single Sculls Tier 3,Heat 1,3,6,CAB,Cantabrigian RC,Georgina Plunkett
84,Women's Single Sculls Tier 3,Heat 1,4,1,SWB,W Borlase Sch,Yasmine Ryman-King
84,Women's Single Sculls Tier 3,Heat 1,5,4,NRC,Nottingham RC,Aerin Thompson
84,Women's Single Sculls Tier 3,Heat 1,6,7,WBK,Walbrook RC,Natasha Gallagher
84,Women's Single Sculls Tier 3,Heat 1,7,2,GLR,Gloucester RC,Rebecca Lees-Smith
85,Women's Single Sculls Tier 3,Heat 2,1,3,UTC,Upper Thames RC,Mary Merritt-Smith
85,Women's Single Sculls Tier 3,Heat 2,2,5,WAD,Wadham Coll,Stephanie Hall
85,Women's Single Sculls Tier 3,Heat 2,3,4,PBD,Poplar B&D,Andrea Stock
85,Women's Single Sculls Tier 3,Heat 2,4,2,CNN,Cambridge 99,Catherine Watson
85,Women's Single Sculls Tier 3,Heat 2,5,6,TSS,Tideway Sc Sch,Anna Louise Norgate
85,Women's Single Sculls Tier 3,Heat 2,6,1,PBD,Poplar B&D,Laura Stewart
85,Women's Single Sculls Tier 3,Heat 2,7,7,ZNU,NUI Galway BC,Ellen Ormsby
86,Coxless Fours Tier 4,Heat 1,1,6,MAV,Maidstone Inv,"Dan Hawke, Mason Shoebridge, Jamie Waterhouse, Kaan Belton"
86,Coxless Fours Tier 4,Heat 1,2,1,DUB,Durham Univ,"Matthew Roe, Harry Cox, Lachie Ives, Benjamin Evans"
86,Coxless Fours Tier 4,Heat 1,3,2,CFC (B),Cardiff City RC,"Shane Ahearne, Matthew Nicholls, Rhys Paul, Adrien Grubb"
86,Coxless Fours Tier 4,Heat 1,4,4,YRK (A),York City RC,"Patrick Evans, Andrew Wilkinson, Daniel Lewis, Benjamin Bollans"
86,Coxless Fours Tier 4,Heat 1,5,7,VRC,Vesta RC,"Laurence Hookway, James Cox, Alexander KÃ¼ng, Oliver Chapman"
86,Coxless Fours Tier 4,Heat 1,6,3,BRI (B),Bridgnorth RC,"Daryl Breakwell, Richard Pilsbury, Stuart Round, Nick McNeil"
87,Coxless Fours Tier 4,Heat 2,1,7,CBR (C),Bristol City,"Charles Caton, Patrick Wright, George Verdon, Ben Trotman"
87,Coxless Fours Tier 4,Heat 2,2,4,PMB,Pembroke Oxford,"Edward Rolls, Willem de Bruijn, Carl Gergs, Andrew James Saul"
87,Coxless Fours Tier 4,Heat 2,3,1,RAD,Radley Coll,"Rory Gearing, Felix Reynish, William Nelson, Felix Rawlinson"
87,Coxless Fours Tier 4,Heat 2,4,3,SUA (A),Stratford Avon,"Harpreet Mander, Oliver Smith, Benjamin Smith, Alastair Collier"
87,Coxless Fours Tier 4,Heat 2,5,2,RDG (C),Reading RC,"Luke Grundy, James Batchelor, Henry Stevens, Michael Croll"
87,Coxless Fours Tier 4,Heat 2,6,6,PTR (A),Putney Town,"Ewan Maddock, Cyrille Martin, Phillip Pollard, Samuel Russell"
88,Single Sculls Tier 3,Heat 1,1,2,IEL,Isle of Ely RC,George Bourne
88,Single Sculls Tier 3,Heat 1,2,6,LBS,L'boro Students,Alex Watkins
88,Single Sculls Tier 3,Heat 1,3,1,GLU,Glasgow Univ,Matthew Mole
88,Single Sculls Tier 3,Heat 1,4,4,ZDJ,Castleconnell Boat Club,Shane Haugh
88,Single Sculls Tier 3,Heat 1,5,3,CFC,Cardiff City RC,Jacob Bryning
88,Single Sculls Tier 3,Heat 1,6,5,LER,Leicester RC,Gualter Graca
89,Single Sculls Tier 3,Heat 2,1,1,AGE,Agecroft RC,Matt Jenner
89,Single Sculls Tier 3,Heat 2,2,3,AGE,Agecroft RC,Hugh Gallie
89,Single Sculls Tier 3,Heat 2,3,2,RDU,Reading Univ,Oliver Dix
89,Single Sculls Tier 3,Heat 2,4,4,GRI,Griffen BC,Daniel Boddington
89,Single Sculls Tier 3,Heat 2,5,5,GLU,Glasgow Univ,Aaron Nicholson
89,Single Sculls Tier 3,Heat 2,6,6,CAB,Cantabrigian RC,Jonah Harris
90,Women's Single Sculls Championship,Final,1,4,ZKG,Killorglin Rowing Club,Monika Dukarska
90,Women's Single Sculls Championship,Final,2,3,ULO,London Univ,Robyn Hart-Winks
90,Women's Single Sculls Championship,Final,3,2,LEE,Leeds RC,Georgina Brayshaw
90,Women's Single Sculls Championship,Final,4,7,ZCD,University Coll Dublin RC,Aileen Crowley
90,Women's Single Sculls Championship,Final,5,6,DUB,Durham Univ,Rosalind Wilson
90,Women's Single Sculls Championship,Final,6,5,BAU,Bath Univ,Steph Clutterbuck
91,Women's Coxless Pairs Championship,Final,1,6,DUB (A),Durham Univ,"Hanna Gailis Inntjore, Lauren Irwin"
91,Women's Coxless Pairs Championship,Final,2,2,ZCK,Cork BC,"Grace Collins, Lisa Dilleen"
91,Women's Coxless Pairs Championship,Final,3,1,ULO,London Univ,"Kate Wagstaff, Sara Hegge"
91,Women's Coxless Pairs Championship,Final,4,3,DUB (B),Durham Univ,"Rebekka Hodson, Helena Barton"
91,Women's Coxless Pairs Championship,Final,5,7,ZCR,Commercial RC,"hazel o neill, gill crowe"
91,Women's Coxless Pairs Championship,Final,6,5,COX (B),Oxford City,"Stacey Crocker, Caitlin Barry"
92,Women's Quad Sculls Tier 3,Final,1,7,STN,Staines BC,"Maddison Shoolbread, Patricia Corless, Rachel Brown, Suzanne Cole"
92,Women's Quad Sculls Tier 3,Final,2,2,BAU,Bath Univ,"Christina Cackett, Eleanor Denham, Robyn Bell, Anna Willis"
92,Women's Quad Sculls Tier 3,Final,3,4,USU,Surrey Univ,"Cecile Flavin, Charlotte Gill, Elizabeth Hatch, Rachel Ebbens"
92,Women's Quad Sculls Tier 3,Final,4,5,HEN,Henley RC,"Emily Pimlott, Natalie Atkinson, Hannah Smith, Katy Parker"
92,Women's Quad Sculls Tier 3,Final,5,1,LLA,Llandaff RC,"Laura Starrs, Bethan Davies, Nicola Hall, Bethan Roberts"
92,Women's Quad Sculls Tier 3,Final,6,6,RDG,Reading RC,"Eloise Maguire, Marina Miles, Hannah Street, Jessica Shepherd"
93,Women's Coxless Pairs Tier 3,Final,1,2,OLW (A),Oxford ULWRC,"Jenny Tran, Rachel Anderson"
93,Women's Coxless Pairs Tier 3,Final,2,4,LEA (B),Lea RC,"Rachel Lund, Valentina Futoryanova"
93,Women's Coxless Pairs Tier 3,Final,3,5,DUB (D),Durham Univ,"Ashleigh Mason, Madeleine Orr"
93,Women's Coxless Pairs Tier 3,Final,4,3,GRO,Grosvenor RC,"Maud Moir, Holly Menary"
94,Coxed Fours Tier 4,Final,1,1,UBI,Birmingham Univ,"Finn Sprackling, Edward Weston, Thomas Stanford, Ollie Clarke, [Cox] Natalie Elsdon"
94,Coxed Fours Tier 4,Final,2,6,AGE (B),Agecroft RC,"Adam Godfrey, David Bentham, Nick Morrey, Oliver Uttley, [Cox] Annabel Pooley"
94,Coxed Fours Tier 4,Final,3,4,JEO,Jesus Coll Oxf,"John Gardner, Keir Bowater, Andrew Everall, Iolo Jones, [Cox] Iona Gilby"
94,Coxed Fours Tier 4,Final,4,7,ZNU (D),NUI Galway BC,"Donal Coen, Eoghan Walls-Tuite, Brian Keane, Jack Kilduff, [Cox] Johanna Walsh"
94,Coxed Fours Tier 4,Final,5,2,KRC (C),Kingston RC,"Emil Biese, Fred Isaac, Marcus Sirmon, Joshua Spice, [Cox] Zara Scott"
94,Coxed Fours Tier 4,Final,6,3,WIN,Winchester Coll,"Kareek Garlick, William St John Butler, Austin Stevens, Jonathan Davidson, [Cox] Max Bruce"
94,Coxed Fours Tier 4,Final,7,5,PTR (A),Putney Town,"Rory Keith, James Percival, Jonathan Fisher, James Diserens, [Cox] Ruth Bloxam"
95,Eights Tier 3,Final,1,4,AGE (B),Agecroft RC,"Andrew Thomas, Rory O'Neill, Thomas Buckley, Tristan Hollis, Sean Szekely, John Ford, Benedict Adey-Johnson, Jack Roe, [Cox] Lucy Masters"
95,Eights Tier 3,Final,2,6,ZCD (A),University Coll Dublin RC,"Cameron Murphy, Coman O'Connell, Michael Noonan, Mark Doyle, Seamus Kennedy, David Somers, Niall Farrell, James O'Sullivan, [Cox] Shauna Fitz"
95,Eights Tier 3,Final,3,5,UBR (A),Bristol Univ,"Arthur Smith, Harry Rosen, Alex Heslop, James Foster, John Allden, Elias Kassell Raymond, Benjamin Slingsby, Carl Cox, [Cox] Johanna Dodgson"
95,Eights Tier 3,Final,4,3,WRR,Worcester RC,"David Hopkins, James Riach, Alex Kearns, Jack McDonald, Ryan Pettifer, William Fraser, Joshua Rogers, Timothy Woodman, [Cox] Molly Elkins"
95,Eights Tier 3,Final,5,2,ETN/ RNY (B),Eton Coll/ Navy & Marines,"Oliver Brufal de Melgarejo (ETN), Adam Mombru (ETN), Andy Matheson (RNY), Kuttel Rorke (ETN), Theodore Hall (ETN), Alex Rusis (ETN), Aubrey Warley (ETN), Richard Taylor (ETN), [Cox] Edward Bracey (ETN)"
95,Eights Tier 3,Final,6,7,RCH (B),Royal Chester,"Fraser Morgan, Henry William McGarva, Peter Dean, Daniel Weatherly, Harrison Hunter, Thomas Rushton, Alexander Constantinou, John Hedley McGarva, [Cox] Abigail Sanders"
96,Women's Junior 18 Quad Sculls,Final,1,5,IEL,Isle of Ely RC,"Helena O'Donnell, Rebecca Welch, Kate Lyster, Molly Johnson"
96,Women's Junior 18 Quad Sculls,Final,2,3,SWP,W Perkin's Sch,"Emily Baker, Emily Keen, Emma Fountain, Annabelle Taylor"
96,Women's Junior 18 Quad Sculls,Final,3,4,LTU,Latymer Upper,"Madeline Lloyd, Mia Thomas, Georgina Seal, Phoebe Ransom"
96,Women's Junior 18 Quad Sculls,Final,4,2,CNN,Cambridge 99/ Isle of Ely RC/ ...,"Rebecca Garrett (KSE), Freya Dingwall (IEL), Olivia Morgan (CNN), Holly Lancaster (KSE)"
96,Women's Junior 18 Quad Sculls,Final,5,6,GLB,Globe RC,"Nomeda Laukyte, Siobhan Samuel, Leila Bernstein, Julia Olawumi"
96,Women's Junior 18 Quad Sculls,Final,6,7,SPG,St Paul's Girls,"Helen Elizabeth Kirkpatrick, Lara Emma Catherine Valt, Nicola kate Lawless, Aurelia Cowan"
97,Women's Eights Championship,Final,1,4,MBC,Molesey BC,"Emma McDonald, Caitlin Boyland, Gabby Rodriguez, Elo Luik, Lucy Primmer, Ruth Whyman, Rebecca Edwards, Katie Bartlett, [Cox] Morgan Baynham-Williams"
97,Women's Eights Championship,Final,2,5,NEW (B),Newcastle Univ,"Phoebe Truett, Sundee Denton-Chandler, Anna Van de Braak, Charlotte Dobson, Leanne Knight, Kate Woolley, Kathryn Eccles, Lucy Stanhope, [Cox] Charlotte Hill"
97,Women's Eights Championship,Final,3,3,TSS (B),Tideway Sc Sch,"Holly Smith, Catherine O'Riordan, Kate Thorne, Alicia Keith, Ellenor Peebles, Cecilia Ricks, Sally Trump, Katie Potter, [Cox] Sophie Shapter"
97,Women's Eights Championship,Final,4,2,DUB (A),Durham Univ,"Francesca Quinn, Maya Nickituk, Megan Lillington, Kate Lillington, Amy Polglase, Ellen Roberts, Lucinda Ellaway-Bell, Helena Louise Lang, [Cox] Abigail Riley"
97,Women's Eights Championship,Final,5,6,ZCR,Commercial RC,"Martina Bracken, Edel Gary, Gill Crowe, Gillian Hosford, Naomi Fearon, Hazel O'Neill, Sinead Dolan, Ruth Morris, [Cox] niamh williams"
97,Women's Eights Championship,Final,5,7,NEW (A),Newcastle Univ,"Fiona Chestnutt, Harriet Aubrook, Lydia Davis, Frances Russell, Katherine Bulmer, Leah Kindleyside, Harriet Roddy, Rachel Webb, [Cox] Sophie Bury"
98,Quad Sculls Championship,Final,1,4,EHU,Edinburgh Univ,"James Temple, Josh Armstrong, Matthew Curtis, Gavin Horsburgh"
98,Quad Sculls Championship,Final,2,5,AGE/ CLD/ NRC/ TEE,Agecroft RC/ Clydesdale ARC/ N...,"Cameron Harrison (TEE), Matthew Haywood (NRC), Jake Brown (AGE), Jack Burns (CLD)"
98,Quad Sculls Championship,Final,3,6,ZCD/ ZFS/ ZUC,University Coll Dublin RC/ Ski...,"Jake McCarthy (ZFS), Shane O'Connell (ZCD), Andrew Goff (ZCD), Stephen O'Connor (ZUC)"
98,Quad Sculls Championship,Final,4,3,IMP/ MBC (B),Imperial Coll/ Molesey BC,"Adam Freeman-Pask (IMP), Berend van Wachem (IMP), Tom Solesbury (MBC), Tom Middleton (MBC)"
98,Quad Sculls Championship,Final,5,2,AKN/ DAT/ UTC,Auriol Ken/ Dart Totnes ARC/ U...,"Elliot Barton (DAT), W Hugh MacKworth-Praed (AKN), Adam Rennie (UTC), Thomas Carter (UTC)"
99,Eights Tier 5,Final,1,4,BAU,Bath Univ,"Henry Jones, Charlie Parker, Ben Pickford, Matthew Moore, Matthew Horsford, Marcus Lewis, William England, Thomas Bowles, [Cox] Daniel Baillache"
99,Eights Tier 5,Final,2,5,UWE,W England Univ,"Aghaude Amadi, Edward Dean, Benjamin Stafford, Will Lord, Liam Hopkins, Robert Bonham, Andrew Heath, Tim Waller, [Cox] Freya Jennings"
99,Eights Tier 5,Final,3,3,NTU,Nottm Trent,"Callum Donington, James Beagles, Adam Swain, Guy Woolford, Yiana Shakespeare, Edd Maryon, Samuel Geller, Edward Stracey, [Cox] Joe Elliott"
99,Eights Tier 5,Final,4,2,LEE (B),Leeds RC,"Andrew Walker, Mark Tarrant, Lewis Marston, Conor Vincent, James Tipper, Daniel Humphrey, Vasileios Athanasiadis, Theodosios Travlos, [Cox] Jasmine Jones"
99,Eights Tier 5,Final,5,6,NOR (B),Norwich RC,"Oliver Roe, Ed English, Oli Tyler, Carey Pearson, Carl Shiplee, Jake Kattenhorn Black, Toby Trett, Oliver Negus, [Cox] Darwin Columbus Friend"
99,Eights Tier 5,Final,6,7,CCS,Claires Court,"Alex Jackson, Ben Broadhead, Alexander Getley, Raamie Falck Award, Oliver Hill, Toby Yate, Adam Fairley, Ben Forster, [Cox] Charles Nash"
100,Coxed Fours Tier 2,Final,1,4,ZNU (A),NUI Galway BC,"Brion O'Rourke, Eoghan Whittle, Jack Bennett, Oisin Nolan, [Cox] Cathal McNamara"
100,Coxed Fours Tier 2,Final,2,5,TRC (A),Thames RC,"Thomas Foad, Marc Cox, Thomas Portsmouth, Zack Youell, [Cox] Lesley Vowles"
100,Coxed Fours Tier 2,Final,3,3,USU,Surrey Univ,"Jonas Butvilas, Alex Law, Harry Grassom, Andrew Stevenson, [Cox] Tsolo Swan"
100,Coxed Fours Tier 2,Final,4,7,MBC (B),Molesey BC,"Andy Warren, Rhys Westall, Kenneth Gray, Andrew Turner, [Cox] Jonna de Vries"
100,Coxed Fours Tier 2,Final,5,6,KRC (A),Kingston GS/ Kingston RC,"Cameron Spurling, Hal Bedford-Payne, Andrew Bedford, George Fellows, [Cox] Adele Hing"
100,Coxed Fours Tier 2,Final,6,2,ULO,London Univ,"Matthew Denley, Andrew Holm, Frederick Smart, Archie Hilder, [Cox] Megan Neville"
101,Single Sculls Championship,Final,1,4,MBC,Molesey BC,Dave Bell
101,Single Sculls Championship,Final,2,5,BAU,Bath Univ,Nick Bell
101,Single Sculls Championship,Final,3,2,ZSN,Shandon BC,Ronan Byrne
101,Single Sculls Championship,Final,4,7,ARM,Army RC,Stephen Cox
101,Single Sculls Championship,Final,5,3,ZDJ,Castleconnell Boat Club,Fionnan Crowley
101,Single Sculls Championship,Final,6,6,ZSN,Shandon BC,Dan Begley
102,Coxless Pairs Championship,Final,1,5,MBC,Molesey BC,"George Stewart, Alastair Douglass"
102,Coxless Pairs Championship,Final,2,2,IMP (B),Imperial Coll,"A Ball, Edward Bentley"
102,Coxless Pairs Championship,Final,3,3,ZUC (A),University Coll Cork RC,"Steven Murphy, David Synnott"
102,Coxless Pairs Championship,Final,4,6,IMP (A),Imperial Coll,"Jonathan Edwards, Alister Fraser"
102,Coxless Pairs Championship,Final,5,4,HEN,Henley RC,"Michael Nagi, David Lambourn"
102,Coxless Pairs Championship,Final,6,7,IMP (D),Imperial Coll,"Luke Whiting, James Harrison"
103,Women's Quad Sculls Championship,Final,1,1,TSS (B),Tideway Sc Sch,"Amelia Carlton, Olivia Uguz, Georgina Grandfield, Francesca Rawlins"
103,Women's Quad Sculls Championship,Final,2,6,SAA/ WRC,Star & Arrow/ Wallingford RC,"Saskia Devereux (SAA), Emma Lister (SAA), Kesiah Roe (SAA), Pippa Birch (WRC)"
103,Women's Quad Sculls Championship,Final,3,4,NRC,Nottingham RC,"Annie Campbell-Orde, Kerryn Meston, Kate Parsons, Jenna Draycott"
103,Women's Quad Sculls Championship,Final,4,2,ULO,London Univ,"Lottie Bruce, Fionnuala Gannon, Emma Reiser, Harriet Orr"
103,Women's Quad Sculls Championship,Final,5,3,LTU,Latymer Upper,"Carter Nelson, Mia Andersen, Darla Matthews, Olivia Von Stauffenberg"
103,Women's Quad Sculls Championship,Final,6,5,MAA (B),Mortlake AA,"Claire Brown, Sophie Piper, Jade Robertson, Amy Hudson"
104,Coxless Pairs Tier 3,Final,1,3,DUB (A),Durham Univ,"Danylo Gorenkin, Oscar Lindsay"
104,Coxless Pairs Tier 3,Final,2,1,ZCK,Cork BC,"Barry Connolly, Barry O'Flynn"
104,Coxless Pairs Tier 3,Final,3,5,DUB (C),Durham Univ,"Chris Rimmer, Joseph Johansen"
104,Coxless Pairs Tier 3,Final,4,4,REX (B),Rex BC,"George Middlehurst, Patrick Hanratty"
104,Coxless Pairs Tier 3,Final,5,6,PTR (B),Putney Town,"Henry Gill, Alistair Blair"
105,Women's Coxed Fours Tier 4,Final,1,5,ZNU (A),NUI Galway BC,"Aisling Nolan, Ailbhe Griffin, Sorcha O'Donnell, Siuan Mannion, [Cox] Johanna Walsh"
105,Women's Coxed Fours Tier 4,Final,2,2,LEE (B),Leeds RC,"Jessica Brush, Charlotte Milligan, Ella Sadler-Andrews, Emily Holt, [Cox] Harin Wijayathunga"
105,Women's Coxed Fours Tier 4,Final,3,3,ZDT (C),Dublin U Ladies,"Susie O' Neill, Ellen Clohessy, Maria Kennedy, Aine Kennedy, [Cox] Aoife Reid"
105,Women's Coxed Fours Tier 4,Final,4,4,USU,Surrey Univ,"Holly Stemp, Anika Piezka, Megan Pearson, Hariette Case, [Cox] Joanna Walker"
105,Women's Coxed Fours Tier 4,Final,5,6,BAU,Bath Univ,"Kimberley Ertl, Zara Mulholland, Ella Shilliday, Hannah Slater, [Cox] Ella Flanagan"
105,Women's Coxed Fours Tier 4,Final,6,7,GLT (B),Godolphin Lat,"Libby Bryant, Madeleine Macbeth, Emily Gustafsson, Madeline Grussing, [Cox] Tazeena Thorowgood"
106,Women's Eights Tier 3,Final,1,4,ZDT (A),Dublin U Ladies,"Nora Fisher, Sarah Kelly, Aoife Corcoran, Caoimhe Dempsey, Aoife Byrne, Gemma Foley, Laura Walsh, Sarah Higgins, [Cox] Aoife Reid"
106,Women's Eights Tier 3,Final,2,5,ZGY,Galway RC,"Ruth Elwood, Kellie-Ann Folan, Isabella McDonald, Roisin Cahill, Kellie Wade, Amy Sims, Claire Elwood, Fiona Murtagh, [Cox] Sarah Lynch"
106,Women's Eights Tier 3,Final,3,3,EXU,Exeter Univ,"Sophie Ackert, Julia Bradley, Ella Armstrong, Arabella Weetch, Emily Batchelor, Caitlin Kickham, Samantha Over, Sophie Taylor, [Cox] Sophie Wrixon"
106,Women's Eights Tier 3,Final,4,7,NUN,Nottm & Union,"Jasmine Michalowska, Clodagh Gallagher, Amy Fenoulhet, Alice Williams, Mary Bryant Jeans, Heather Lund, Hannah Walker, Isobel Pullinger, [Cox] Laura Stops"
106,Women's Eights Tier 3,Final,5,6,DUB (B),Durham Univ,"Samantha Bousfield, Anna Thomas, Emma Cramp, Anna van der Star, Alicia Schwarzenbach, Eva Siwiak-Jaszek, Megan Connolly, Harriet Watson, [Cox] Zoe Evans"
106,Women's Eights Tier 3,Final,6,2,CBR (B),Bristol City,"Emma Greenhow, Rebecca Harnett, Jenna Randall Smith, ELLEN GRIST, Annabel Young, Eimear McGeehan, Andreea Paraschivescu, Rosie Oates, [Cox] Paddy Davison"
107,Double Sculls Tier 2,Final,1,3,UBI,Birmingham Univ,"William White, Peter Purcell-Gilpin"
107,Double Sculls Tier 2,Final,2,6,ZSN (A),Shandon BC,"Stephen O'Sullivan, Colm Hennessy"
107,Double Sculls Tier 2,Final,3,1,BAU/ MIN,Bath Univ/ Minerva Bath RC,"Thomas Mapp (BAU), Jens Hullah (MIN)"
107,Double Sculls Tier 2,Final,4,5,BRX,Broxbourne RC,"Ryan Cheale, Matthew Day"
107,Double Sculls Tier 2,Final,5,2,CAB,Cantabrigian RC,"Hannes Burfeind, James Adams"
107,Double Sculls Tier 2,Final,6,7,ZCK,Cork BC,"Ryan Povey, Cian O'Sullivan"
108,Women's Coxless Fours Tier 2,Final,1,4,NEW,Newcastle Univ,"Megan Barry, Lola Anderson, Emily Ford, Nicole Lamb"
108,Women's Coxless Fours Tier 2,Final,2,2,WRR,Worcester RC,"Catherine Jackson, Eloise Foulds, Elizabeth Johnston, Caroline Sheppard"
108,Women's Coxless Fours Tier 2,Final,3,5,QBC/ TSS,Quintin BC/ Tideway Sc Sch,"Rebekah Edgar (QBC), Kate Grose (TSS), Judith Schulz (TSS), Caroline Matthews (TSS)"
108,Women's Coxless Fours Tier 2,Final,4,3,EXU,Exeter Univ,"Kristina Stone, Eleanor Hayes, Julia James, Amy Louise Ward"
108,Women's Coxless Fours Tier 2,Final,5,6,CFU,Cardiff Univ,"Georgie Haynes, Ella Tepper, Olivia Howe, Bridget Lapage"
108,Women's Coxless Fours Tier 2,Final,6,7,CUR,Curlew RC,"Gemma Barker, Anna Palsdottir, Sophie Leonard, Charlotte Waghorne"
109,Women's Single Sculls Tier 5,Final,1,2,EXU,Exeter Univ,Alex Flynn
109,Women's Single Sculls Tier 5,Final,2,5,IEL,Isle of Ely RC,Imogen Magner
109,Women's Single Sculls Tier 5,Final,3,6,WRU,Worcester Univ,Amy Freeman
109,Women's Single Sculls Tier 5,Final,4,3,TUN,Taunton RC,Amy Hallett
109,Women's Single Sculls Tier 5,Final,5,4,NEW,Newcastle Univ,Lina Larsson
109,Women's Single Sculls Tier 5,Final,6,1,NEW,Newcastle Univ,Sophie Adams
110,Women's Double Sculls Tier 2,Final,1,3,WRR/ WRU,Worcester RC/ Worcester Univ,"Katinka Ernst (WRU), Giedre Rakauskaite (WRR)"
110,Women's Double Sculls Tier 2,Final,2,1,TSS (B),Tideway Sc Sch,"Thea Adamson, Elizabeth Williams"
110,Women's Double Sculls Tier 2,Final,3,5,DUB,Durham Univ,"Naomi Doye, Emily Grant"
110,Women's Double Sculls Tier 2,Final,4,7,TYN (B),Tyne RC,"Laura Clack, Amy Bowman"
110,Women's Double Sculls Tier 2,Final,5,2,KRC/ TSS,Kingston RC/ Tideway Sc Sch,"Andrea Finn (KRC), Elaine Johnstone (TSS)"
110,Women's Double Sculls Tier 2,Final,6,6,CFC (A),Cardiff City RC,"Victoria Self, Carmen Bedford"
110,Women's Double Sculls Tier 2,Final,7,4,VRC (A),Vesta RC,"Abi Watson, Emily Robinson"
111,Quad Sculls Tier 3,Final,1,2,BUR,Burway RC/ Eton Coll,"Barry Gardener (BUR), Stephen Hermes (ETN), Jack Barrett (BUR), R Ellera (BUR)"
111,Quad Sculls Tier 3,Final,2,6,TSS,Tideway Sc Sch/ Tyrian Club,"Junayd Bell (TYR), Rory Bufacchi (TYR), Ertan Hazine (TYR), Charles Clarke (TSS)"
111,Quad Sculls Tier 3,Final,3,4,RDU (B),Reading Univ,"Ross Jones, Angus Abbott, Oliver Irwin, Daniel Adkin"
111,Quad Sculls Tier 3,Final,4,1,RDU (C),Reading Univ,"Christopher O'Bryan, Harvey Jacklin, Laurence O'Connor, Bryn Hassan"
111,Quad Sculls Tier 3,Final,5,7,RDG (B),Reading RC,"Richard Laney, Will Robinson, Nicholas Musson, Nick Brown"
111,Quad Sculls Tier 3,Final,6,5,HCS,Hereford Cathl,"Charles Powell, Tom Hutchinson, Sebastian Dixon, Phoenix Lester"
111,Quad Sculls Tier 3,Final,7,3,WRU,Worcester Univ,"Richard Ray, Christopher Green, George Stacey-Stevens, Anthony Surrage"
112,Coxless Fours Tier 2,Final,1,4,LDR (B),Leander Club,"Charles Waite-Roberts, Edward Gleadowe, Richard Clarke, Jamie Kirkwood"
112,Coxless Fours Tier 2,Final,2,6,ZNU (A),NUI Galway BC,"Liam Keane, Mantis Pukelis, Kevin Nevile, Richard Bennett"
112,Coxless Fours Tier 2,Final,3,5,ZCD,University Coll Dublin RC,"Joe Ronaldson, Colm O'Riada, Tiarnan Doherty, Max Murphy"
112,Coxless Fours Tier 2,Final,4,2,COX (A),Oxford City,"Simon Kerswell-Jensen, William Clarke, Matthew Jones, Malcolm Nisbet"
112,Coxless Fours Tier 2,Final,5,3,FUL,Fulham Reach,"Edward Birrell, Ross De Burgh, James Diaz-Sokoloff, Ben Bathurst"
112,Coxless Fours Tier 2,Final,6,7,CBR (A),Bristol City,"Cameron Smith, James Wadsworth, Will Japp, Edward Piercy"
113,Eights Championship,Final,1,4,TRC (A),Thames RC,"Alex Morris, Ian Hurley, Samuel Barnes, Orlando Nixon, Skye Landon, Ben Thomas, William Moorhouse, Thomas Phelps, [Cox] Vlad Saigau"
113,Eights Championship,Final,2,6,ULO (A),London Univ,"Ben Freeman, James Richards, Alex Steventon, Max Townley, Joshua Tolley, Patrick Boomer, Joshua Kent, Patrick Sullivan, [Cox] Rajaei Sharma"
113,Eights Championship,Final,3,3,WES,Westminster Sch,"Baptiste Bouvier, Mathijs Deetman, Nicholas Cowling, Jake Swann, Alexander Green, Reginald Mitchell, Henry Jones, George Middleton, [Cox] Hugh Spaughton"
113,Eights Championship,Final,4,7,ETN (B),Eton Coll,"Charles Pearson, Alexander Boardman, Francis Baring, Noah Norman, Patrick Adams, Felix Drinkall, Oscar Carr-Middleton, Max Ridgewell, [Cox] George Cozens"
113,Eights Championship,Final,5,5,WIN,Winchester Coll,"Dent Goodman, Alex Wythe, William Passmore, Hugo Durward, Oliver Le May, Milford Killian-Dawson, Tobias SchrÃ¶der, Luke Robinson, [Cox] Gabriel Cuaycong"
113,Eights Championship,Final,6,2,LRC (A),London RC,"Matthew Reeder, Dylan Wing, Todd Hale, Thomas Neeld, Tom Monaghan, Jamie Saunders, Sebastien Thomas, Lucas Vitale, [Cox] Kim Wilkinson"
114,Women's Single Sculls Tier 3,Final,1,4,LER,Leicester RC,Sophie Connolly
114,Women's Single Sculls Tier 3,Final,2,2,CAB,Cantabrigian RC,Georgina Plunkett
114,Women's Single Sculls Tier 3,Final,3,3,WAD,Wadham Coll,Stephanie Hall
114,Women's Single Sculls Tier 3,Final,4,5,UTC,Upper Thames RC,Mary Merritt-Smith
114,Women's Single Sculls Tier 3,Final,5,7,PBD,Poplar B&D,Andrea Stock
114,Women's Single Sculls Tier 3,Final,6,6,TSS,Tideway Sc Sch,Gabby Cutler
115,Women's Coxed Fours Tier 2,Final,1,4,ULO,London Univ,"Anna Collins, Holly Exton-Smith, Amber Pierce, Olivia Rogerson, [Cox] Lauren Holland"
115,Women's Coxed Fours Tier 2,Final,2,3,PTR (A),Putney Town,"Rachel Dean, Deborah Oakley, Catriona Docherty, Sophie Bluff, [Cox] Heather Longstaff"
115,Women's Coxed Fours Tier 2,Final,3,5,KCL,King's Coll Lon,"Danielle Wilcock, Molly Hackett, Amy Kilby, Stephanie Stone, [Cox] Manuela de Mendonca"
115,Women's Coxed Fours Tier 2,Final,4,2,BBL,Barnes Br LRC,"Clemmy Fontaine, Cara Cahill, Sarah Thompson, Laura Oakley, [Cox] Anna Costantini"
115,Women's Coxed Fours Tier 2,Final,5,6,UTC,Upper Thames RC,"Gabriella Halloran, Emma Peacock, Rhianna Cearns, Sally Pollok-Morris, [Cox] Zoe Thomas"
116,Coxless Fours Tier 4,Final,1,4,MAV,Maidstone Inv,"Dan Hawke, Mason Shoebridge, Jamie Waterhouse, Kaan Belton"
116,Coxless Fours Tier 4,Final,2,3,PMB,Pembroke Oxford,"Edward Rolls, Willem de Bruijn, Carl Gergs, Andrew James Saul"
116,Coxless Fours Tier 4,Final,3,5,CBR (C),Bristol City,"Charles Caton, Patrick Wright, George Verdon, Ben Trotman"
116,Coxless Fours Tier 4,Final,4,2,CFC (B),Cardiff City RC,"Shane Ahearne, Matthew Nicholls, Rhys Paul, Adrien Grubb"
116,Coxless Fours Tier 4,Final,5,6,DUB,Durham Univ,"Matthew Roe, Harry Cox, Lachie Ives, Benjamin Evans"
116,Coxless Fours Tier 4,Final,6,7,RAD,Radley Coll,"Rory Gearing, Felix Reynish, William Nelson, Felix Rawlinson"
117,Single Sculls Tier 3,Final,1,5,AGE,Agecroft RC,Matt Jenner
117,Single Sculls Tier 3,Final,2,3,AGE,Agecroft RC,Hugh Gallie
117,Single Sculls Tier 3,Final,3,4,IEL,Isle of Ely RC,George Bourne
117,Single Sculls Tier 3,Final,4,7,RDU,Reading Univ,Oliver Dix
117,Single Sculls Tier 3,Final,5,6,LBS,Loughborough Students,Alex Watkins
117,Single Sculls Tier 3,Final,6,2,GLU,Glasgow Univ,Matthew Mole
118,Single Sculls Tier 5,Final,1,5,DUB,Durham Univ,Montague Norman
118,Single Sculls Tier 5,Final,2,4,GRF,Greenbank,Timothy Wilkinson
118,Single Sculls Tier 5,Final,3,3,NWK,Newark RC,Oliver Saunders
118,Single Sculls Tier 5,Final,4,6,CFC,Cardiff City RC,George Cowley
118,Single Sculls Tier 5,Final,5,2,GRO,Grosvenor RC,Connor Weaver
118,Single Sculls Tier 5,Final,6,7,DUB,Durham Univ,Ryan Todhunter
150,Single Sculls Championship,Heat 1,1,5,MBC,Molesey BC,Dave Bell
150,Single Sculls Championship,Heat 1,2,3,ZSN,Shandon BC,Dan Begley
150,Single Sculls Championship,Heat 1,3,2,ZSN,Shandon BC,Ronan Byrne
150,Single Sculls Championship,Heat 1,4,6,TSS,Tideway Sc Sch,James Dunley
150,Single Sculls Championship,Heat 1,5,4,BIR,Birmingham,Steven Byford
151,Single Sculls Championship,Heat 2,1,6,BAU,Bath Univ,Nick Bell
151,Single Sculls Championship,Heat 2,2,4,ZDJ,Castleconnell Boat Club,Fionnan Crowley
151,Single Sculls Championship,Heat 2,3,5,ARM,Army RC,Stephen Cox
151,Single Sculls Championship,Heat 2,4,2,QBC,Quintin BC,Jonathan Brown
152,Women's Single Sculls Championship,Heat 1,2,3,ZKG,Killorglin Rowing Club,Monika Dukarska
152,Women's Single Sculls Championship,Heat 1,2,1,DUB,Durham Univ,Rosalind Wilson
152,Women's Single Sculls Championship,Heat 1,3,5,LEE,Leeds RC,Georgina Brayshaw
152,Women's Single Sculls Championship,Heat 1,4,4,IMP,Imperial Coll,Pippa Whittaker
152,Women's Single Sculls Championship,Heat 1,5,2,ZNU,NUI Galway BC,Marie Pigott
153,Women's Single Sculls Championship,Heat 2,1,1,BAU,Bath Univ,Steph Clutterbuck
153,Women's Single Sculls Championship,Heat 2,2,2,ULO,London Univ,Robyn Hart-Winks
153,Women's Single Sculls Championship,Heat 2,3,4,ZCD,University Coll Dublin RC,Aileen Crowley
153,Women's Single Sculls Championship,Heat 2,4,5,RDG,Reading RC,Laura Meridew
153,Women's Single Sculls Championship,Heat 2,5,3,ZFS,Skibereen RC,Orla Hayes
